,S_num,chrom,pos,reads_all,insertions,deletions,indel_rate,injection,sex,animals,age,cas9,name_x,cut_site,strand,name_y,sgRNA_pos
100,S1,wtrw,287,4328,0,7,0.0016173752310536045,3,mf,3,1,mRNA,LV02,317,pos,wtrwG0,-30
101,S1,wtrw,288,4412,0,7,0.001586582048957389,3,mf,3,1,mRNA,LV02,317,pos,wtrwG0,-29
102,S1,wtrw,289,4495,0,7,0.001557285873192436,3,mf,3,1,mRNA,LV02,317,pos,wtrwG0,-28
103,S1,wtrw,290,4506,0,7,0.0015534842432312472,3,mf,3,1,mRNA,LV02,317,pos,wtrwG0,-27
104,S1,wtrw,291,4500,1,9,0.0022222222222222222,3,mf,3,1,mRNA,LV02,317,pos,wtrwG0,-26
105,S1,wtrw,292,4502,0,8,0.001776988005330964,3,mf,3,1,mRNA,LV02,317,pos,wtrwG0,-25
106,S1,wtrw,293,4474,0,12,0.002682163611980331,3,mf,3,1,mRNA,LV02,317,pos,wtrwG0,-24
107,S1,wtrw,294,4474,0,10,0.002235136343316942,3,mf,3,1,mRNA,LV02,317,pos,wtrwG0,-23
108,S1,wtrw,295,4480,0,12,0.0026785714285714286,3,mf,3,1,mRNA,LV02,317,pos,wtrwG0,-22
109,S1,wtrw,296,4485,0,19,0.00423634336677815,3,mf,3,1,mRNA,LV02,317,pos,wtrwG0,-21
110,S1,wtrw,297,4405,0,23,0.005221339387060159,3,mf,3,1,mRNA,LV02,317,pos,wtrwG0,-20
111,S1,wtrw,298,4347,0,33,0.00759144237405107,3,mf,3,1,mRNA,LV02,317,pos,wtrwG0,-19
112,S1,wtrw,299,4328,0,40,0.009242144177449169,3,mf,3,1,mRNA,LV02,317,pos,wtrwG0,-18
113,S1,wtrw,300,4335,18,40,0.013379469434832756,3,mf,3,1,mRNA,LV02,317,pos,wtrwG0,-17
114,S1,wtrw,301,4371,1,40,0.009380004575611988,3,mf,3,1,mRNA,LV02,317,pos,wtrwG0,-16
115,S1,wtrw,302,4360,3,42,0.010321100917431193,3,mf,3,1,mRNA,LV02,317,pos,wtrwG0,-15
116,S1,wtrw,303,4377,0,55,0.01256568425862463,3,mf,3,1,mRNA,LV02,317,pos,wtrwG0,-14
117,S1,wtrw,304,4363,0,59,0.013522805409122164,3,mf,3,1,mRNA,LV02,317,pos,wtrwG0,-13
118,S1,wtrw,305,4476,1,57,0.012957998212689902,3,mf,3,1,mRNA,LV02,317,pos,wtrwG0,-12
119,S1,wtrw,306,4474,0,84,0.018775145283862316,3,mf,3,1,mRNA,LV02,317,pos,wtrwG0,-11
120,S1,wtrw,307,4513,0,86,0.019056060270330157,3,mf,3,1,mRNA,LV02,317,pos,wtrwG0,-10
121,S1,wtrw,308,4496,0,104,0.023131672597864767,3,mf,3,1,mRNA,LV02,317,pos,wtrwG0,-9
122,S1,wtrw,309,4468,1,126,0.028424350940017905,3,mf,3,1,mRNA,LV02,317,pos,wtrwG0,-8
123,S1,wtrw,310,4385,21,135,0.03557582668187001,3,mf,3,1,mRNA,LV02,317,pos,wtrwG0,-7
124,S1,wtrw,311,4380,2,142,0.03287671232876712,3,mf,3,1,mRNA,LV02,317,pos,wtrwG0,-6
125,S1,wtrw,312,4337,8,145,0.035277841826147106,3,mf,3,1,mRNA,LV02,317,pos,wtrwG0,-5
126,S1,wtrw,313,4373,2,161,0.037274182483420994,3,mf,3,1,mRNA,LV02,317,pos,wtrwG0,-4
127,S1,wtrw,314,4280,1,162,0.03808411214953271,3,mf,3,1,mRNA,LV02,317,pos,wtrwG0,-3
128,S1,wtrw,315,4357,42,224,0.06105118200596741,3,mf,3,1,mRNA,LV02,317,pos,wtrwG0,-2
129,S1,wtrw,316,4316,256,608,0.20018535681186284,3,mf,3,1,mRNA,LV02,317,pos,wtrwG0,-1
130,S1,wtrw,317,4361,11,458,0.10754414125200643,3,mf,3,1,mRNA,LV02,317,pos,wtrwG0,0
131,S1,wtrw,318,4426,18,430,0.10122006326253954,3,mf,3,1,mRNA,LV02,317,pos,wtrwG0,1
132,S1,wtrw,319,4525,17,386,0.08906077348066298,3,mf,3,1,mRNA,LV02,317,pos,wtrwG0,2
133,S1,wtrw,320,4661,0,107,0.022956447114353143,3,mf,3,1,mRNA,LV02,317,pos,wtrwG0,3
134,S1,wtrw,321,4686,0,89,0.01899274434485702,3,mf,3,1,mRNA,LV02,317,pos,wtrwG0,4
135,S1,wtrw,322,4767,0,78,0.016362492133417242,3,mf,3,1,mRNA,LV02,317,pos,wtrwG0,5
136,S1,wtrw,323,4795,0,47,0.009801876955161626,3,mf,3,1,mRNA,LV02,317,pos,wtrwG0,6
137,S1,wtrw,324,4636,0,46,0.00992234685073339,3,mf,3,1,mRNA,LV02,317,pos,wtrwG0,7
138,S1,wtrw,325,4678,7,38,0.009619495510902095,3,mf,3,1,mRNA,LV02,317,pos,wtrwG0,8
139,S1,wtrw,326,4573,0,19,0.0041548217800131204,3,mf,3,1,mRNA,LV02,317,pos,wtrwG0,9
140,S1,wtrw,327,4646,0,17,0.003659061558329746,3,mf,3,1,mRNA,LV02,317,pos,wtrwG0,10
141,S1,wtrw,328,4599,2,17,0.004131332898456186,3,mf,3,1,mRNA,LV02,317,pos,wtrwG0,11
142,S1,wtrw,329,4589,0,17,0.0037045107866637613,3,mf,3,1,mRNA,LV02,317,pos,wtrwG0,12
143,S1,wtrw,330,4691,0,13,0.002771264122788318,3,mf,3,1,mRNA,LV02,317,pos,wtrwG0,13
144,S1,wtrw,331,4658,1,13,0.0030055817947617003,3,mf,3,1,mRNA,LV02,317,pos,wtrwG0,14
145,S1,wtrw,332,4676,0,13,0.002780153977758768,3,mf,3,1,mRNA,LV02,317,pos,wtrwG0,15
146,S1,wtrw,333,4675,1,13,0.002994652406417112,3,mf,3,1,mRNA,LV02,317,pos,wtrwG0,16
147,S1,wtrw,334,4656,0,13,0.0027920962199312715,3,mf,3,1,mRNA,LV02,317,pos,wtrwG0,17
148,S1,wtrw,335,4884,0,13,0.0026617526617526617,3,mf,3,1,mRNA,LV02,317,pos,wtrwG0,18
149,S1,wtrw,336,4846,0,13,0.002682624845233182,3,mf,3,1,mRNA,LV02,317,pos,wtrwG0,19
150,S1,wtrw,337,4981,2,15,0.0034129692832764505,3,mf,3,1,mRNA,LV02,317,pos,wtrwG0,20
151,S1,wtrw,338,4980,0,13,0.0026104417670682733,3,mf,3,1,mRNA,LV02,317,pos,wtrwG0,21
152,S1,wtrw,339,4905,0,13,0.0026503567787971457,3,mf,3,1,mRNA,LV02,317,pos,wtrwG0,22
153,S1,wtrw,340,4982,0,13,0.002609393817743878,3,mf,3,1,mRNA,LV02,317,pos,wtrwG0,23
154,S1,wtrw,341,5016,0,13,0.00259170653907496,3,mf,3,1,mRNA,LV02,317,pos,wtrwG0,24
155,S1,wtrw,342,5021,0,11,0.00219079864568811,3,mf,3,1,mRNA,LV02,317,pos,wtrwG0,25
156,S1,wtrw,343,5032,0,11,0.0021860095389507153,3,mf,3,1,mRNA,LV02,317,pos,wtrwG0,26
157,S1,wtrw,344,4866,0,11,0.002260583641594739,3,mf,3,1,mRNA,LV02,317,pos,wtrwG0,27
158,S1,wtrw,345,4767,0,13,0.0027270820222362073,3,mf,3,1,mRNA,LV02,317,pos,wtrwG0,28
159,S1,wtrw,346,4879,0,13,0.0026644804263168684,3,mf,3,1,mRNA,LV02,317,pos,wtrwG0,29
527,S2,wtrw,287,40722,0,324,0.007956387210844261,3,mf,3,1,mRNA,LV02,317,pos,wtrwG0,-30
528,S2,wtrw,288,41544,0,461,0.011096668592335837,3,mf,3,1,mRNA,LV02,317,pos,wtrwG0,-29
529,S2,wtrw,289,42087,0,461,0.010953501081093924,3,mf,3,1,mRNA,LV02,317,pos,wtrwG0,-28
530,S2,wtrw,290,42181,0,604,0.014319243261183945,3,mf,3,1,mRNA,LV02,317,pos,wtrwG0,-27
531,S2,wtrw,291,42107,0,611,0.014510651435628281,3,mf,3,1,mRNA,LV02,317,pos,wtrwG0,-26
532,S2,wtrw,292,42053,0,625,0.014862197702898722,3,mf,3,1,mRNA,LV02,317,pos,wtrwG0,-25
533,S2,wtrw,293,41944,0,648,0.015449170322334541,3,mf,3,1,mRNA,LV02,317,pos,wtrwG0,-24
534,S2,wtrw,294,41944,1,649,0.015496852946786191,3,mf,3,1,mRNA,LV02,317,pos,wtrwG0,-23
535,S2,wtrw,295,41986,0,663,0.015790977945029296,3,mf,3,1,mRNA,LV02,317,pos,wtrwG0,-22
536,S2,wtrw,296,42082,0,684,0.016253980324129082,3,mf,3,1,mRNA,LV02,317,pos,wtrwG0,-21
537,S2,wtrw,297,41478,5,708,0.0171898355754858,3,mf,3,1,mRNA,LV02,317,pos,wtrwG0,-20
538,S2,wtrw,298,41160,4,803,0.019606413994169097,3,mf,3,1,mRNA,LV02,317,pos,wtrwG0,-19
539,S2,wtrw,299,41065,2,944,0.023036649214659685,3,mf,3,1,mRNA,LV02,317,pos,wtrwG0,-18
540,S2,wtrw,300,41076,300,980,0.031161748953159995,3,mf,3,1,mRNA,LV02,317,pos,wtrwG0,-17
541,S2,wtrw,301,41324,4,980,0.02381182847739812,3,mf,3,1,mRNA,LV02,317,pos,wtrwG0,-16
542,S2,wtrw,302,41064,55,987,0.025375024352230664,3,mf,3,1,mRNA,LV02,317,pos,wtrwG0,-15
543,S2,wtrw,303,41206,12,1019,0.025020628063874194,3,mf,3,1,mRNA,LV02,317,pos,wtrwG0,-14
544,S2,wtrw,304,41160,3,1043,0.025413022351797862,3,mf,3,1,mRNA,LV02,317,pos,wtrwG0,-13
545,S2,wtrw,305,41521,16,1044,0.025529250258905133,3,mf,3,1,mRNA,LV02,317,pos,wtrwG0,-12
546,S2,wtrw,306,41501,32,1068,0.0265053854123997,3,mf,3,1,mRNA,LV02,317,pos,wtrwG0,-11
547,S2,wtrw,307,41807,11,1128,0.027244241394981702,3,mf,3,1,mRNA,LV02,317,pos,wtrwG0,-10
548,S2,wtrw,308,41717,9,1305,0.0314979504758252,3,mf,3,1,mRNA,LV02,317,pos,wtrwG0,-9
549,S2,wtrw,309,41598,99,1858,0.04704553103514592,3,mf,3,1,mRNA,LV02,317,pos,wtrwG0,-8
550,S2,wtrw,310,40998,385,2311,0.06575930533196742,3,mf,3,1,mRNA,LV02,317,pos,wtrwG0,-7
551,S2,wtrw,311,40861,81,2517,0.06358141014659455,3,mf,3,1,mRNA,LV02,317,pos,wtrwG0,-6
552,S2,wtrw,312,40513,109,2820,0.07229778095919828,3,mf,3,1,mRNA,LV02,317,pos,wtrwG0,-5
553,S2,wtrw,313,40851,229,3023,0.07960637438495997,3,mf,3,1,mRNA,LV02,317,pos,wtrwG0,-4
554,S2,wtrw,314,40166,140,3688,0.0953044863815167,3,mf,3,1,mRNA,LV02,317,pos,wtrwG0,-3
555,S2,wtrw,315,41009,1082,4140,0.12733790143627008,3,mf,3,1,mRNA,LV02,317,pos,wtrwG0,-2
556,S2,wtrw,316,40646,3573,11452,0.3696550706096541,3,mf,3,1,mRNA,LV02,317,pos,wtrwG0,-1
557,S2,wtrw,317,41238,233,9759,0.24230079053300355,3,mf,3,1,mRNA,LV02,317,pos,wtrwG0,0
558,S2,wtrw,318,42350,455,7358,0.18448642266824086,3,mf,3,1,mRNA,LV02,317,pos,wtrwG0,1
559,S2,wtrw,319,42951,101,6872,0.16234779166957697,3,mf,3,1,mRNA,LV02,317,pos,wtrwG0,2
560,S2,wtrw,320,44332,9,1737,0.03938464314716232,3,mf,3,1,mRNA,LV02,317,pos,wtrwG0,3
561,S2,wtrw,321,44785,74,1399,0.03289047672211678,3,mf,3,1,mRNA,LV02,317,pos,wtrwG0,4
562,S2,wtrw,322,45316,9,1232,0.027385470915349985,3,mf,3,1,mRNA,LV02,317,pos,wtrwG0,5
563,S2,wtrw,323,45500,0,1127,0.02476923076923077,3,mf,3,1,mRNA,LV02,317,pos,wtrwG0,6
564,S2,wtrw,324,44489,181,1142,0.029737687967812267,3,mf,3,1,mRNA,LV02,317,pos,wtrwG0,7
565,S2,wtrw,325,44817,23,928,0.021219626481022828,3,mf,3,1,mRNA,LV02,317,pos,wtrwG0,8
566,S2,wtrw,326,44322,3,850,0.01924552141148865,3,mf,3,1,mRNA,LV02,317,pos,wtrwG0,9
567,S2,wtrw,327,44987,4,844,0.01884988996821304,3,mf,3,1,mRNA,LV02,317,pos,wtrwG0,10
568,S2,wtrw,328,44736,0,846,0.018910944206008584,3,mf,3,1,mRNA,LV02,317,pos,wtrwG0,11
569,S2,wtrw,329,44554,13,830,0.01892086007990304,3,mf,3,1,mRNA,LV02,317,pos,wtrwG0,12
570,S2,wtrw,330,45565,4,817,0.018018215735762098,3,mf,3,1,mRNA,LV02,317,pos,wtrwG0,13
571,S2,wtrw,331,45166,0,802,0.01775671965637869,3,mf,3,1,mRNA,LV02,317,pos,wtrwG0,14
572,S2,wtrw,332,45281,7,791,0.017623285704821006,3,mf,3,1,mRNA,LV02,317,pos,wtrwG0,15
573,S2,wtrw,333,45424,1,790,0.017413702007749207,3,mf,3,1,mRNA,LV02,317,pos,wtrwG0,16
574,S2,wtrw,334,45256,1,807,0.017853986211773025,3,mf,3,1,mRNA,LV02,317,pos,wtrwG0,17
575,S2,wtrw,335,47372,5,812,0.01724647471079963,3,mf,3,1,mRNA,LV02,317,pos,wtrwG0,18
576,S2,wtrw,336,47071,5,804,0.017186802914745808,3,mf,3,1,mRNA,LV02,317,pos,wtrwG0,19
577,S2,wtrw,337,48588,2,816,0.016835432617107106,3,mf,3,1,mRNA,LV02,317,pos,wtrwG0,20
578,S2,wtrw,338,48680,3,770,0.015879211175020544,3,mf,3,1,mRNA,LV02,317,pos,wtrwG0,21
579,S2,wtrw,339,48007,6,768,0.016122648780386193,3,mf,3,1,mRNA,LV02,317,pos,wtrwG0,22
580,S2,wtrw,340,48465,0,771,0.01590838749613123,3,mf,3,1,mRNA,LV02,317,pos,wtrwG0,23
581,S2,wtrw,341,48685,0,764,0.015692718496456814,3,mf,3,1,mRNA,LV02,317,pos,wtrwG0,24
582,S2,wtrw,342,48699,0,762,0.01564713854493932,3,mf,3,1,mRNA,LV02,317,pos,wtrwG0,25
583,S2,wtrw,343,48913,4,762,0.01566045836485188,3,mf,3,1,mRNA,LV02,317,pos,wtrwG0,26
584,S2,wtrw,344,47466,1,762,0.01607466396999958,3,mf,3,1,mRNA,LV02,317,pos,wtrwG0,27
585,S2,wtrw,345,45562,2,678,0.014924717966726658,3,mf,3,1,mRNA,LV02,317,pos,wtrwG0,28
586,S2,wtrw,346,46429,3,678,0.014667556914859247,3,mf,3,1,mRNA,LV02,317,pos,wtrwG0,29
965,S3,wtrw,287,67241,0,459,0.00682619235287994,3,mf,3,1,mRNA,LV02,317,pos,wtrwG0,-30
966,S3,wtrw,288,69515,0,460,0.0066172768467237285,3,mf,3,1,mRNA,LV02,317,pos,wtrwG0,-29
967,S3,wtrw,289,70985,2,462,0.006536592237796718,3,mf,3,1,mRNA,LV02,317,pos,wtrwG0,-28
968,S3,wtrw,290,71243,0,497,0.006976123970074253,3,mf,3,1,mRNA,LV02,317,pos,wtrwG0,-27
969,S3,wtrw,291,71085,0,507,0.007132306393753956,3,mf,3,1,mRNA,LV02,317,pos,wtrwG0,-26
970,S3,wtrw,292,71039,0,566,0.007967454496825687,3,mf,3,1,mRNA,LV02,317,pos,wtrwG0,-25
971,S3,wtrw,293,70705,0,654,0.009249699455484053,3,mf,3,1,mRNA,LV02,317,pos,wtrwG0,-24
972,S3,wtrw,294,70695,0,657,0.009293443666454487,3,mf,3,1,mRNA,LV02,317,pos,wtrwG0,-23
973,S3,wtrw,295,70674,1,732,0.010371565214930526,3,mf,3,1,mRNA,LV02,317,pos,wtrwG0,-22
974,S3,wtrw,296,70642,0,733,0.01037626341270066,3,mf,3,1,mRNA,LV02,317,pos,wtrwG0,-21
975,S3,wtrw,297,68716,0,950,0.013825018918446941,3,mf,3,1,mRNA,LV02,317,pos,wtrwG0,-20
976,S3,wtrw,298,67667,0,962,0.014216678735572731,3,mf,3,1,mRNA,LV02,317,pos,wtrwG0,-19
977,S3,wtrw,299,67300,1,1128,0.016775631500742943,3,mf,3,1,mRNA,LV02,317,pos,wtrwG0,-18
978,S3,wtrw,300,67311,377,1184,0.023190860334863544,3,mf,3,1,mRNA,LV02,317,pos,wtrwG0,-17
979,S3,wtrw,301,68110,5,1272,0.018749082366759654,3,mf,3,1,mRNA,LV02,317,pos,wtrwG0,-16
980,S3,wtrw,302,67746,1,1274,0.01882029935346736,3,mf,3,1,mRNA,LV02,317,pos,wtrwG0,-15
981,S3,wtrw,303,68004,1,1445,0.021263455090877008,3,mf,3,1,mRNA,LV02,317,pos,wtrwG0,-14
982,S3,wtrw,304,67644,43,1672,0.025353320324049435,3,mf,3,1,mRNA,LV02,317,pos,wtrwG0,-13
983,S3,wtrw,305,69845,45,1723,0.025313193499892618,3,mf,3,1,mRNA,LV02,317,pos,wtrwG0,-12
984,S3,wtrw,306,69844,12,1946,0.028033904129202224,3,mf,3,1,mRNA,LV02,317,pos,wtrwG0,-11
985,S3,wtrw,307,70876,134,1975,0.029756193916135223,3,mf,3,1,mRNA,LV02,317,pos,wtrwG0,-10
986,S3,wtrw,308,70827,32,2100,0.030101514958984568,3,mf,3,1,mRNA,LV02,317,pos,wtrwG0,-9
987,S3,wtrw,309,70643,20,2612,0.03725776085387087,3,mf,3,1,mRNA,LV02,317,pos,wtrwG0,-8
988,S3,wtrw,310,68873,485,2739,0.04681079668375125,3,mf,3,1,mRNA,LV02,317,pos,wtrwG0,-7
989,S3,wtrw,311,68502,686,3267,0.05770634434031123,3,mf,3,1,mRNA,LV02,317,pos,wtrwG0,-6
990,S3,wtrw,312,67512,214,3468,0.0545384524232729,3,mf,3,1,mRNA,LV02,317,pos,wtrwG0,-5
991,S3,wtrw,313,67411,197,4358,0.06757057453531323,3,mf,3,1,mRNA,LV02,317,pos,wtrwG0,-4
992,S3,wtrw,314,64799,102,4649,0.07331903270112193,3,mf,3,1,mRNA,LV02,317,pos,wtrwG0,-3
993,S3,wtrw,315,65778,1851,5567,0.11277326765787954,3,mf,3,1,mRNA,LV02,317,pos,wtrwG0,-2
994,S3,wtrw,316,64954,2151,16249,0.28327739631123566,3,mf,3,1,mRNA,LV02,317,pos,wtrwG0,-1
995,S3,wtrw,317,66041,1101,13171,0.21610817522448175,3,mf,3,1,mRNA,LV02,317,pos,wtrwG0,0
996,S3,wtrw,318,67870,229,10920,0.16426992780315308,3,mf,3,1,mRNA,LV02,317,pos,wtrwG0,1
997,S3,wtrw,319,69072,54,10001,0.14557273569608525,3,mf,3,1,mRNA,LV02,317,pos,wtrwG0,2
998,S3,wtrw,320,71132,23,2448,0.03473823314401395,3,mf,3,1,mRNA,LV02,317,pos,wtrwG0,3
999,S3,wtrw,321,71655,41,2202,0.03130277021840765,3,mf,3,1,mRNA,LV02,317,pos,wtrwG0,4
1000,S3,wtrw,322,72881,16,1887,0.02611105775167739,3,mf,3,1,mRNA,LV02,317,pos,wtrwG0,5
1001,S3,wtrw,323,73073,17,1169,0.016230344997468286,3,mf,3,1,mRNA,LV02,317,pos,wtrwG0,6
1002,S3,wtrw,324,71483,7,1209,0.01701103758935691,3,mf,3,1,mRNA,LV02,317,pos,wtrwG0,7
1003,S3,wtrw,325,72042,3,1036,0.014422142639016129,3,mf,3,1,mRNA,LV02,317,pos,wtrwG0,8
1004,S3,wtrw,326,70004,13,815,0.011827895548825781,3,mf,3,1,mRNA,LV02,317,pos,wtrwG0,9
1005,S3,wtrw,327,71967,3,813,0.01133853015965651,3,mf,3,1,mRNA,LV02,317,pos,wtrwG0,10
1006,S3,wtrw,328,71194,1,780,0.010970025563952018,3,mf,3,1,mRNA,LV02,317,pos,wtrwG0,11
1007,S3,wtrw,329,70542,1,779,0.01105724249383346,3,mf,3,1,mRNA,LV02,317,pos,wtrwG0,12
1008,S3,wtrw,330,72836,0,563,0.007729694107309572,3,mf,3,1,mRNA,LV02,317,pos,wtrwG0,13
1009,S3,wtrw,331,72132,1,562,0.00780513503022237,3,mf,3,1,mRNA,LV02,317,pos,wtrwG0,14
1010,S3,wtrw,332,72472,5,541,0.007533944143945248,3,mf,3,1,mRNA,LV02,317,pos,wtrwG0,15
1011,S3,wtrw,333,72458,0,541,0.007466394324988269,3,mf,3,1,mRNA,LV02,317,pos,wtrwG0,16
1012,S3,wtrw,334,71803,1,541,0.007548431124047742,3,mf,3,1,mRNA,LV02,317,pos,wtrwG0,17
1013,S3,wtrw,335,76019,1,515,0.00678777674002552,3,mf,3,1,mRNA,LV02,317,pos,wtrwG0,18
1014,S3,wtrw,336,74911,1,510,0.006821428094672345,3,mf,3,1,mRNA,LV02,317,pos,wtrwG0,19
1015,S3,wtrw,337,77882,2,505,0.0065098482319406285,3,mf,3,1,mRNA,LV02,317,pos,wtrwG0,20
1016,S3,wtrw,338,77763,3,521,0.00673842315754279,3,mf,3,1,mRNA,LV02,317,pos,wtrwG0,21
1017,S3,wtrw,339,75810,4,500,0.006648199445983379,3,mf,3,1,mRNA,LV02,317,pos,wtrwG0,22
1018,S3,wtrw,340,76642,0,500,0.0065238381044336,3,mf,3,1,mRNA,LV02,317,pos,wtrwG0,23
1019,S3,wtrw,341,76918,2,500,0.006526430744429133,3,mf,3,1,mRNA,LV02,317,pos,wtrwG0,24
1020,S3,wtrw,342,76957,0,418,0.005431604662343907,3,mf,3,1,mRNA,LV02,317,pos,wtrwG0,25
1021,S3,wtrw,343,76982,16,409,0.005520771089345561,3,mf,3,1,mRNA,LV02,317,pos,wtrwG0,26
1022,S3,wtrw,344,74397,1,415,0.0055916233181445485,3,mf,3,1,mRNA,LV02,317,pos,wtrwG0,27
1023,S3,wtrw,345,73388,6,360,0.0049871913664359295,3,mf,3,1,mRNA,LV02,317,pos,wtrwG0,28
1024,S3,wtrw,346,74814,2,361,0.0048520330419440216,3,mf,3,1,mRNA,LV02,317,pos,wtrwG0,29
1403,S4,wtrw,287,152895,0,1316,0.008607214101180548,3,mf,3,1,mRNA,LV02,317,pos,wtrwG0,-30
1404,S4,wtrw,288,157273,0,1311,0.008335823695103418,3,mf,3,1,mRNA,LV02,317,pos,wtrwG0,-29
1405,S4,wtrw,289,160263,1,1311,0.008186543369336653,3,mf,3,1,mRNA,LV02,317,pos,wtrwG0,-28
1406,S4,wtrw,290,160742,1,1310,0.008155926889052022,3,mf,3,1,mRNA,LV02,317,pos,wtrwG0,-27
1407,S4,wtrw,291,160520,0,1311,0.008167206578619487,3,mf,3,1,mRNA,LV02,317,pos,wtrwG0,-26
1408,S4,wtrw,292,160476,0,1332,0.008300306587900994,3,mf,3,1,mRNA,LV02,317,pos,wtrwG0,-25
1409,S4,wtrw,293,160108,0,1336,0.008344367551902467,3,mf,3,1,mRNA,LV02,317,pos,wtrwG0,-24
1410,S4,wtrw,294,160159,0,1332,0.008316735244350927,3,mf,3,1,mRNA,LV02,317,pos,wtrwG0,-23
1411,S4,wtrw,295,160298,1,1337,0.0083469537985502,3,mf,3,1,mRNA,LV02,317,pos,wtrwG0,-22
1412,S4,wtrw,296,160386,0,1337,0.008336139064506877,3,mf,3,1,mRNA,LV02,317,pos,wtrwG0,-21
1413,S4,wtrw,297,156886,0,1398,0.008910928954782453,3,mf,3,1,mRNA,LV02,317,pos,wtrwG0,-20
1414,S4,wtrw,298,155098,0,1536,0.009903415904782782,3,mf,3,1,mRNA,LV02,317,pos,wtrwG0,-19
1415,S4,wtrw,299,154602,0,1824,0.011798036247913998,3,mf,3,1,mRNA,LV02,317,pos,wtrwG0,-18
1416,S4,wtrw,300,154606,675,1889,0.016584091173693128,3,mf,3,1,mRNA,LV02,317,pos,wtrwG0,-17
1417,S4,wtrw,301,156335,14,1877,0.01209581987398855,3,mf,3,1,mRNA,LV02,317,pos,wtrwG0,-16
1418,S4,wtrw,302,156102,2,1885,0.012088249990390898,3,mf,3,1,mRNA,LV02,317,pos,wtrwG0,-15
1419,S4,wtrw,303,156841,0,1886,0.012024916954112765,3,mf,3,1,mRNA,LV02,317,pos,wtrwG0,-14
1420,S4,wtrw,304,156622,37,1968,0.012801522136098377,3,mf,3,1,mRNA,LV02,317,pos,wtrwG0,-13
1421,S4,wtrw,305,162373,80,2039,0.013050199232631041,3,mf,3,1,mRNA,LV02,317,pos,wtrwG0,-12
1422,S4,wtrw,306,162472,11,2846,0.017584568417942783,3,mf,3,1,mRNA,LV02,317,pos,wtrwG0,-11
1423,S4,wtrw,307,165142,6,2877,0.01745770306766298,3,mf,3,1,mRNA,LV02,317,pos,wtrwG0,-10
1424,S4,wtrw,308,165007,4,3065,0.018599210942566072,3,mf,3,1,mRNA,LV02,317,pos,wtrwG0,-9
1425,S4,wtrw,309,164049,15,5467,0.03341684496705253,3,mf,3,1,mRNA,LV02,317,pos,wtrwG0,-8
1426,S4,wtrw,310,161412,757,5840,0.04087056724407107,3,mf,3,1,mRNA,LV02,317,pos,wtrwG0,-7
1427,S4,wtrw,311,161096,65,6048,0.03794631772359339,3,mf,3,1,mRNA,LV02,317,pos,wtrwG0,-6
1428,S4,wtrw,312,159423,184,7122,0.045827766382516955,3,mf,3,1,mRNA,LV02,317,pos,wtrwG0,-5
1429,S4,wtrw,313,160041,62,5450,0.03444117444904743,3,mf,3,1,mRNA,LV02,317,pos,wtrwG0,-4
1430,S4,wtrw,314,153457,82,6487,0.042806779749376044,3,mf,3,1,mRNA,LV02,317,pos,wtrwG0,-3
1431,S4,wtrw,315,157985,473,7722,0.051872013165806884,3,mf,3,1,mRNA,LV02,317,pos,wtrwG0,-2
1432,S4,wtrw,316,156383,2635,17729,0.13021875779336628,3,mf,3,1,mRNA,LV02,317,pos,wtrwG0,-1
1433,S4,wtrw,317,159036,281,14610,0.09363288815111044,3,mf,3,1,mRNA,LV02,317,pos,wtrwG0,0
1434,S4,wtrw,318,161735,557,11389,0.07386156366896467,3,mf,3,1,mRNA,LV02,317,pos,wtrwG0,1
1435,S4,wtrw,319,163719,30,10073,0.06170939231243777,3,mf,3,1,mRNA,LV02,317,pos,wtrwG0,2
1436,S4,wtrw,320,168325,341,3080,0.02032377840487153,3,mf,3,1,mRNA,LV02,317,pos,wtrwG0,3
1437,S4,wtrw,321,168464,34,2567,0.015439500427391015,3,mf,3,1,mRNA,LV02,317,pos,wtrwG0,4
1438,S4,wtrw,322,170611,13,2425,0.014289817186465116,3,mf,3,1,mRNA,LV02,317,pos,wtrwG0,5
1439,S4,wtrw,323,170746,29,1861,0.011069073360430113,3,mf,3,1,mRNA,LV02,317,pos,wtrwG0,6
1440,S4,wtrw,324,164127,1,1832,0.01116818073808697,3,mf,3,1,mRNA,LV02,317,pos,wtrwG0,7
1441,S4,wtrw,325,165319,5,1691,0.01025895390124547,3,mf,3,1,mRNA,LV02,317,pos,wtrwG0,8
1442,S4,wtrw,326,159612,0,1429,0.00895296093025587,3,mf,3,1,mRNA,LV02,317,pos,wtrwG0,9
1443,S4,wtrw,327,162919,0,1422,0.00872826373842216,3,mf,3,1,mRNA,LV02,317,pos,wtrwG0,10
1444,S4,wtrw,328,160825,3,1407,0.008767293642157625,3,mf,3,1,mRNA,LV02,317,pos,wtrwG0,11
1445,S4,wtrw,329,158418,2,1413,0.008932065800603467,3,mf,3,1,mRNA,LV02,317,pos,wtrwG0,12
1446,S4,wtrw,330,162533,4,1391,0.008582872401296968,3,mf,3,1,mRNA,LV02,317,pos,wtrwG0,13
1447,S4,wtrw,331,160580,4,1320,0.008245111470917922,3,mf,3,1,mRNA,LV02,317,pos,wtrwG0,14
1448,S4,wtrw,332,160972,1,1257,0.007815023730835176,3,mf,3,1,mRNA,LV02,317,pos,wtrwG0,15
1449,S4,wtrw,333,160827,2,1257,0.007828287538783911,3,mf,3,1,mRNA,LV02,317,pos,wtrwG0,16
1450,S4,wtrw,334,159707,3,1251,0.00785187875296637,3,mf,3,1,mRNA,LV02,317,pos,wtrwG0,17
1451,S4,wtrw,335,168566,1,1245,0.007391763463569166,3,mf,3,1,mRNA,LV02,317,pos,wtrwG0,18
1452,S4,wtrw,336,165658,1,1084,0.006549638411667411,3,mf,3,1,mRNA,LV02,317,pos,wtrwG0,19
1453,S4,wtrw,337,170889,1,1085,0.006355002369959447,3,mf,3,1,mRNA,LV02,317,pos,wtrwG0,20
1454,S4,wtrw,338,170384,4,1090,0.0064207906845713215,3,mf,3,1,mRNA,LV02,317,pos,wtrwG0,21
1455,S4,wtrw,339,165657,5,1084,0.006573824227168185,3,mf,3,1,mRNA,LV02,317,pos,wtrwG0,22
1456,S4,wtrw,340,167261,5,1085,0.006516761229455761,3,mf,3,1,mRNA,LV02,317,pos,wtrwG0,23
1457,S4,wtrw,341,167985,3,1083,0.006464862934190553,3,mf,3,1,mRNA,LV02,317,pos,wtrwG0,24
1458,S4,wtrw,342,167997,5,1083,0.006476306124514128,3,mf,3,1,mRNA,LV02,317,pos,wtrwG0,25
1459,S4,wtrw,343,168026,16,1083,0.006540654422529847,3,mf,3,1,mRNA,LV02,317,pos,wtrwG0,26
1460,S4,wtrw,344,161582,0,1096,0.006782933742619846,3,mf,3,1,mRNA,LV02,317,pos,wtrwG0,27
1461,S4,wtrw,345,159090,3,889,0.005606889182223899,3,mf,3,1,mRNA,LV02,317,pos,wtrwG0,28
1462,S4,wtrw,346,161635,2,881,0.005462925727719862,3,mf,3,1,mRNA,LV02,317,pos,wtrwG0,29
1843,S5,wtrw,287,79126,0,11,0.00013901878017339434,3,mf,3,1,mRNA,LV02,317,pos,wtrwG0,-30
1844,S5,wtrw,288,81408,0,1744,0.021422955974842766,3,mf,3,1,mRNA,LV02,317,pos,wtrwG0,-29
1845,S5,wtrw,289,82528,0,1745,0.02114433889104304,3,mf,3,1,mRNA,LV02,317,pos,wtrwG0,-28
1846,S5,wtrw,290,82789,2,1747,0.02112599499933566,3,mf,3,1,mRNA,LV02,317,pos,wtrwG0,-27
1847,S5,wtrw,291,82604,0,1744,0.021112779042177135,3,mf,3,1,mRNA,LV02,317,pos,wtrwG0,-26
1848,S5,wtrw,292,82583,0,1743,0.02110603877311311,3,mf,3,1,mRNA,LV02,317,pos,wtrwG0,-25
1849,S5,wtrw,293,82388,0,1743,0.021155993591299705,3,mf,3,1,mRNA,LV02,317,pos,wtrwG0,-24
1850,S5,wtrw,294,82415,0,1743,0.021149062670630346,3,mf,3,1,mRNA,LV02,317,pos,wtrwG0,-23
1851,S5,wtrw,295,82507,0,1743,0.021125480262280776,3,mf,3,1,mRNA,LV02,317,pos,wtrwG0,-22
1852,S5,wtrw,296,82693,1,1744,0.021102148912241665,3,mf,3,1,mRNA,LV02,317,pos,wtrwG0,-21
1853,S5,wtrw,297,80935,8,1810,0.022462469883239636,3,mf,3,1,mRNA,LV02,317,pos,wtrwG0,-20
1854,S5,wtrw,298,79862,0,1810,0.022664095564849364,3,mf,3,1,mRNA,LV02,317,pos,wtrwG0,-19
1855,S5,wtrw,299,79466,0,2139,0.026917172123927215,3,mf,3,1,mRNA,LV02,317,pos,wtrwG0,-18
1856,S5,wtrw,300,79558,408,2141,0.032039518338821994,3,mf,3,1,mRNA,LV02,317,pos,wtrwG0,-17
1857,S5,wtrw,301,80401,0,2138,0.026591709058345046,3,mf,3,1,mRNA,LV02,317,pos,wtrwG0,-16
1858,S5,wtrw,302,79722,1,2138,0.026830736810416197,3,mf,3,1,mRNA,LV02,317,pos,wtrwG0,-15
1859,S5,wtrw,303,80141,0,1926,0.024032642467650765,3,mf,3,1,mRNA,LV02,317,pos,wtrwG0,-14
1860,S5,wtrw,304,79981,0,1961,0.024518323101736662,3,mf,3,1,mRNA,LV02,317,pos,wtrwG0,-13
1861,S5,wtrw,305,81885,35,1955,0.024302375282408254,3,mf,3,1,mRNA,LV02,317,pos,wtrwG0,-12
1862,S5,wtrw,306,81887,0,1953,0.023849939550844457,3,mf,3,1,mRNA,LV02,317,pos,wtrwG0,-11
1863,S5,wtrw,307,82978,1,2252,0.02715177516932199,3,mf,3,1,mRNA,LV02,317,pos,wtrwG0,-10
1864,S5,wtrw,308,82941,1,2255,0.02720005787246356,3,mf,3,1,mRNA,LV02,317,pos,wtrwG0,-9
1865,S5,wtrw,309,82860,2,2381,0.028759353125754283,3,mf,3,1,mRNA,LV02,317,pos,wtrwG0,-8
1866,S5,wtrw,310,81286,509,2396,0.03573801146568905,3,mf,3,1,mRNA,LV02,317,pos,wtrwG0,-7
1867,S5,wtrw,311,81263,2,2813,0.03464061134833811,3,mf,3,1,mRNA,LV02,317,pos,wtrwG0,-6
1868,S5,wtrw,312,80330,132,2763,0.03603883978588323,3,mf,3,1,mRNA,LV02,317,pos,wtrwG0,-5
1869,S5,wtrw,313,80332,572,3419,0.049681322511576954,3,mf,3,1,mRNA,LV02,317,pos,wtrwG0,-4
1870,S5,wtrw,314,77253,1008,5101,0.0790778351649774,3,mf,3,1,mRNA,LV02,317,pos,wtrwG0,-3
1871,S5,wtrw,315,77862,1803,5937,0.09940664252138398,3,mf,3,1,mRNA,LV02,317,pos,wtrwG0,-2
1872,S5,wtrw,316,75818,1589,24576,0.3451027460497507,3,mf,3,1,mRNA,LV02,317,pos,wtrwG0,-1
1873,S5,wtrw,317,75079,1861,23572,0.33874985015783377,3,mf,3,1,mRNA,LV02,317,pos,wtrwG0,0
1874,S5,wtrw,318,79537,109,17357,0.2195959113368621,3,mf,3,1,mRNA,LV02,317,pos,wtrwG0,1
1875,S5,wtrw,319,80405,75,16706,0.20870592624836765,3,mf,3,1,mRNA,LV02,317,pos,wtrwG0,2
1876,S5,wtrw,320,83321,97,4973,0.06084900565283662,3,mf,3,1,mRNA,LV02,317,pos,wtrwG0,3
1877,S5,wtrw,321,83729,1,4942,0.05903569850350536,3,mf,3,1,mRNA,LV02,317,pos,wtrwG0,4
1878,S5,wtrw,322,85224,0,3904,0.045808692387121,3,mf,3,1,mRNA,LV02,317,pos,wtrwG0,5
1879,S5,wtrw,323,85372,2,3546,0.041559293445157665,3,mf,3,1,mRNA,LV02,317,pos,wtrwG0,6
1880,S5,wtrw,324,83560,33,3485,0.04210148396361896,3,mf,3,1,mRNA,LV02,317,pos,wtrwG0,7
1881,S5,wtrw,325,84394,0,2148,0.02545204635400621,3,mf,3,1,mRNA,LV02,317,pos,wtrwG0,8
1882,S5,wtrw,326,82335,2,2015,0.02449747980810105,3,mf,3,1,mRNA,LV02,317,pos,wtrwG0,9
1883,S5,wtrw,327,84483,11,1955,0.023270953919723496,3,mf,3,1,mRNA,LV02,317,pos,wtrwG0,10
1884,S5,wtrw,328,83627,0,1952,0.02334174369521805,3,mf,3,1,mRNA,LV02,317,pos,wtrwG0,11
1885,S5,wtrw,329,82958,0,1952,0.02352997902553099,3,mf,3,1,mRNA,LV02,317,pos,wtrwG0,12
1886,S5,wtrw,330,85165,1,1952,0.022931955615569776,3,mf,3,1,mRNA,LV02,317,pos,wtrwG0,13
1887,S5,wtrw,331,84298,0,1952,0.023155946760302734,3,mf,3,1,mRNA,LV02,317,pos,wtrwG0,14
1888,S5,wtrw,332,84553,0,1952,0.02308611166960368,3,mf,3,1,mRNA,LV02,317,pos,wtrwG0,15
1889,S5,wtrw,333,84556,0,1952,0.02308529258716117,3,mf,3,1,mRNA,LV02,317,pos,wtrwG0,16
1890,S5,wtrw,334,84034,4,1952,0.023276292929052526,3,mf,3,1,mRNA,LV02,317,pos,wtrwG0,17
1891,S5,wtrw,335,88823,0,1954,0.021998806615403668,3,mf,3,1,mRNA,LV02,317,pos,wtrwG0,18
1892,S5,wtrw,336,87610,3,1954,0.022337632690332152,3,mf,3,1,mRNA,LV02,317,pos,wtrwG0,19
1893,S5,wtrw,337,90574,0,1954,0.021573519994700467,3,mf,3,1,mRNA,LV02,317,pos,wtrwG0,20
1894,S5,wtrw,338,90493,1,1956,0.021625982120163992,3,mf,3,1,mRNA,LV02,317,pos,wtrwG0,21
1895,S5,wtrw,339,88198,0,1954,0.022154697385428242,3,mf,3,1,mRNA,LV02,317,pos,wtrwG0,22
1896,S5,wtrw,340,89048,11,1952,0.022044290719611895,3,mf,3,1,mRNA,LV02,317,pos,wtrwG0,23
1897,S5,wtrw,341,89391,1,1952,0.02184783703057355,3,mf,3,1,mRNA,LV02,317,pos,wtrwG0,24
1898,S5,wtrw,342,89401,0,1976,0.02210266104405991,3,mf,3,1,mRNA,LV02,317,pos,wtrwG0,25
1899,S5,wtrw,343,89539,43,1976,0.022548833469214533,3,mf,3,1,mRNA,LV02,317,pos,wtrwG0,26
1900,S5,wtrw,344,86251,0,2039,0.02364030561964499,3,mf,3,1,mRNA,LV02,317,pos,wtrwG0,27
1901,S5,wtrw,345,84743,6,692,0.008236668515393602,3,mf,3,1,mRNA,LV02,317,pos,wtrwG0,28
1902,S5,wtrw,346,86593,0,530,0.006120587114431883,3,mf,3,1,mRNA,LV02,317,pos,wtrwG0,29
2282,S6,wtrw,287,185110,1,325,0.0017611150126951543,3,mf,3,1,mRNA,LV02,317,pos,wtrwG0,-30
2283,S6,wtrw,288,191443,0,334,0.0017446446200696814,3,mf,3,1,mRNA,LV02,317,pos,wtrwG0,-29
2284,S6,wtrw,289,195742,0,334,0.001706327717096995,3,mf,3,1,mRNA,LV02,317,pos,wtrwG0,-28
2285,S6,wtrw,290,196471,2,335,0.0017152658662092624,3,mf,3,1,mRNA,LV02,317,pos,wtrwG0,-27
2286,S6,wtrw,291,196072,0,341,0.0017391570443510548,3,mf,3,1,mRNA,LV02,317,pos,wtrwG0,-26
2287,S6,wtrw,292,196022,1,334,0.0017089918478538123,3,mf,3,1,mRNA,LV02,317,pos,wtrwG0,-25
2288,S6,wtrw,293,195451,0,354,0.001811195644944257,3,mf,3,1,mRNA,LV02,317,pos,wtrwG0,-24
2289,S6,wtrw,294,195107,0,795,0.004074687222908455,3,mf,3,1,mRNA,LV02,317,pos,wtrwG0,-23
2290,S6,wtrw,295,195382,2,888,0.004555179085074367,3,mf,3,1,mRNA,LV02,317,pos,wtrwG0,-22
2291,S6,wtrw,296,195762,0,922,0.004709800676331464,3,mf,3,1,mRNA,LV02,317,pos,wtrwG0,-21
2292,S6,wtrw,297,190814,0,963,0.005046799501084826,3,mf,3,1,mRNA,LV02,317,pos,wtrwG0,-20
2293,S6,wtrw,298,188248,1,1015,0.0053971356933407,3,mf,3,1,mRNA,LV02,317,pos,wtrwG0,-19
2294,S6,wtrw,299,187627,1,1249,0.006662154167577161,3,mf,3,1,mRNA,LV02,317,pos,wtrwG0,-18
2295,S6,wtrw,300,187751,63,1677,0.009267593781125,3,mf,3,1,mRNA,LV02,317,pos,wtrwG0,-17
2296,S6,wtrw,301,190082,0,1490,0.007838722235666713,3,mf,3,1,mRNA,LV02,317,pos,wtrwG0,-16
2297,S6,wtrw,302,190897,0,1444,0.007564288595420567,3,mf,3,1,mRNA,LV02,317,pos,wtrwG0,-15
2298,S6,wtrw,303,191931,4,1599,0.008351959818893247,3,mf,3,1,mRNA,LV02,317,pos,wtrwG0,-14
2299,S6,wtrw,304,191498,0,1676,0.008752049629761146,3,mf,3,1,mRNA,LV02,317,pos,wtrwG0,-13
2300,S6,wtrw,305,198172,9,1728,0.008765113134045172,3,mf,3,1,mRNA,LV02,317,pos,wtrwG0,-12
2301,S6,wtrw,306,198369,0,2242,0.01130216918974235,3,mf,3,1,mRNA,LV02,317,pos,wtrwG0,-11
2302,S6,wtrw,307,202176,0,2260,0.011178379233934789,3,mf,3,1,mRNA,LV02,317,pos,wtrwG0,-10
2303,S6,wtrw,308,202285,34,2324,0.011656820822107422,3,mf,3,1,mRNA,LV02,317,pos,wtrwG0,-9
2304,S6,wtrw,309,201746,1,5379,0.026667195384295104,3,mf,3,1,mRNA,LV02,317,pos,wtrwG0,-8
2305,S6,wtrw,310,197025,107,5666,0.029300850145920567,3,mf,3,1,mRNA,LV02,317,pos,wtrwG0,-7
2306,S6,wtrw,311,195832,232,7074,0.037307488050982475,3,mf,3,1,mRNA,LV02,317,pos,wtrwG0,-6
2307,S6,wtrw,312,193740,26,7370,0.03817487354186023,3,mf,3,1,mRNA,LV02,317,pos,wtrwG0,-5
2308,S6,wtrw,313,194429,26,7544,0.0389345210848176,3,mf,3,1,mRNA,LV02,317,pos,wtrwG0,-4
2309,S6,wtrw,314,185743,915,11702,0.06792718971912805,3,mf,3,1,mRNA,LV02,317,pos,wtrwG0,-3
2310,S6,wtrw,315,190870,2527,13961,0.08638340231571226,3,mf,3,1,mRNA,LV02,317,pos,wtrwG0,-2
2311,S6,wtrw,316,188873,2480,28079,0.16179655112165317,3,mf,3,1,mRNA,LV02,317,pos,wtrwG0,-1
2312,S6,wtrw,317,191086,517,15323,0.08289461289681085,3,mf,3,1,mRNA,LV02,317,pos,wtrwG0,0
2313,S6,wtrw,318,193423,304,9770,0.05208274093566949,3,mf,3,1,mRNA,LV02,317,pos,wtrwG0,1
2314,S6,wtrw,319,198309,38,7312,0.03706337080011497,3,mf,3,1,mRNA,LV02,317,pos,wtrwG0,2
2315,S6,wtrw,320,203124,4,3101,0.015286229101435577,3,mf,3,1,mRNA,LV02,317,pos,wtrwG0,3
2316,S6,wtrw,321,203527,6,1585,0.007817144654026248,3,mf,3,1,mRNA,LV02,317,pos,wtrwG0,4
2317,S6,wtrw,322,206427,0,1291,0.006254026847263197,3,mf,3,1,mRNA,LV02,317,pos,wtrwG0,5
2318,S6,wtrw,323,206296,3,1254,0.006093186489316322,3,mf,3,1,mRNA,LV02,317,pos,wtrwG0,6
2319,S6,wtrw,324,198207,4,1158,0.0058625578309545075,3,mf,3,1,mRNA,LV02,317,pos,wtrwG0,7
2320,S6,wtrw,325,199620,1,809,0.0040577096483318306,3,mf,3,1,mRNA,LV02,317,pos,wtrwG0,8
2321,S6,wtrw,326,192290,10,464,0.0024650267824639868,3,mf,3,1,mRNA,LV02,317,pos,wtrwG0,9
2322,S6,wtrw,327,197146,7,451,0.0023231513700506224,3,mf,3,1,mRNA,LV02,317,pos,wtrwG0,10
2323,S6,wtrw,328,194377,3,358,0.0018572156170740366,3,mf,3,1,mRNA,LV02,317,pos,wtrwG0,11
2324,S6,wtrw,329,191398,0,366,0.0019122456869977743,3,mf,3,1,mRNA,LV02,317,pos,wtrwG0,12
2325,S6,wtrw,330,196930,3,354,0.00181282689280455,3,mf,3,1,mRNA,LV02,317,pos,wtrwG0,13
2326,S6,wtrw,331,194273,1,354,0.0018273254646811446,3,mf,3,1,mRNA,LV02,317,pos,wtrwG0,14
2327,S6,wtrw,332,194768,0,354,0.0018175470303129877,3,mf,3,1,mRNA,LV02,317,pos,wtrwG0,15
2328,S6,wtrw,333,194722,0,356,0.00182824745021107,3,mf,3,1,mRNA,LV02,317,pos,wtrwG0,16
2329,S6,wtrw,334,193160,1,370,0.0019206875129426381,3,mf,3,1,mRNA,LV02,317,pos,wtrwG0,17
2330,S6,wtrw,335,204021,1,372,0.0018282431710461178,3,mf,3,1,mRNA,LV02,317,pos,wtrwG0,18
2331,S6,wtrw,336,200235,1,350,0.001752940295153195,3,mf,3,1,mRNA,LV02,317,pos,wtrwG0,19
2332,S6,wtrw,337,207618,0,350,0.001685788322785115,3,mf,3,1,mRNA,LV02,317,pos,wtrwG0,20
2333,S6,wtrw,338,207092,1,351,0.001699727657273096,3,mf,3,1,mRNA,LV02,317,pos,wtrwG0,21
2334,S6,wtrw,339,201343,1,329,0.0016389941542541832,3,mf,3,1,mRNA,LV02,317,pos,wtrwG0,22
2335,S6,wtrw,340,203514,0,328,0.0016116827343573416,3,mf,3,1,mRNA,LV02,317,pos,wtrwG0,23
2336,S6,wtrw,341,204269,0,330,0.0016155167940313999,3,mf,3,1,mRNA,LV02,317,pos,wtrwG0,24
2337,S6,wtrw,342,204299,4,328,0.0016250691388602,3,mf,3,1,mRNA,LV02,317,pos,wtrwG0,25
2338,S6,wtrw,343,204386,23,250,0.0013357079252003562,3,mf,3,1,mRNA,LV02,317,pos,wtrwG0,26
2339,S6,wtrw,344,196740,10,262,0.0013825353258107146,3,mf,3,1,mRNA,LV02,317,pos,wtrwG0,27
2340,S6,wtrw,345,193396,2,251,0.001308196653498521,3,mf,3,1,mRNA,LV02,317,pos,wtrwG0,28
2341,S6,wtrw,346,197501,0,198,0.001002526569485724,3,mf,3,1,mRNA,LV02,317,pos,wtrwG0,29
2722,S7,wtrw,287,59146,0,2,3.381462820816285e-05,4,mf,3,1,mRNA,LV03,317,pos,different,-30
2723,S7,wtrw,288,60907,0,2,3.2836948134040425e-05,4,mf,3,1,mRNA,LV03,317,pos,different,-29
2724,S7,wtrw,289,62126,2,2,6.438528152464347e-05,4,mf,3,1,mRNA,LV03,317,pos,different,-28
2725,S7,wtrw,290,62329,0,2,3.208779219945772e-05,4,mf,3,1,mRNA,LV03,317,pos,different,-27
2726,S7,wtrw,291,62251,0,5,8.031999485952033e-05,4,mf,3,1,mRNA,LV03,317,pos,different,-26
2727,S7,wtrw,292,62245,0,2,3.21310948670576e-05,4,mf,3,1,mRNA,LV03,317,pos,different,-25
2728,S7,wtrw,293,62120,0,6,9.658725048293625e-05,4,mf,3,1,mRNA,LV03,317,pos,different,-24
2729,S7,wtrw,294,62161,0,2,3.217451456701147e-05,4,mf,3,1,mRNA,LV03,317,pos,different,-23
2730,S7,wtrw,295,62213,0,2,3.214762187967145e-05,4,mf,3,1,mRNA,LV03,317,pos,different,-22
2731,S7,wtrw,296,62455,0,2,3.202305660075254e-05,4,mf,3,1,mRNA,LV03,317,pos,different,-21
2732,S7,wtrw,297,61365,0,2,3.259186832885195e-05,4,mf,3,1,mRNA,LV03,317,pos,different,-20
2733,S7,wtrw,298,60868,0,2,3.2857987776828546e-05,4,mf,3,1,mRNA,LV03,317,pos,different,-19
2734,S7,wtrw,299,60761,0,2,3.291585062786985e-05,4,mf,3,1,mRNA,LV03,317,pos,different,-18
2735,S7,wtrw,300,60825,0,2,3.288121660501439e-05,4,mf,3,1,mRNA,LV03,317,pos,different,-17
2736,S7,wtrw,301,61465,0,2,3.253884324412267e-05,4,mf,3,1,mRNA,LV03,317,pos,different,-16
2737,S7,wtrw,302,61751,0,2,3.238813946332853e-05,4,mf,3,1,mRNA,LV03,317,pos,different,-15
2738,S7,wtrw,303,62127,2,2,6.438424517520563e-05,4,mf,3,1,mRNA,LV03,317,pos,different,-14
2739,S7,wtrw,304,62034,0,8,0.00012896153722152367,4,mf,3,1,mRNA,LV03,317,pos,different,-13
2740,S7,wtrw,305,64331,0,2,3.1089210489499616e-05,4,mf,3,1,mRNA,LV03,317,pos,different,-12
2741,S7,wtrw,306,64399,0,2,3.1056382863087935e-05,4,mf,3,1,mRNA,LV03,317,pos,different,-11
2742,S7,wtrw,307,65459,0,2,3.055347622175713e-05,4,mf,3,1,mRNA,LV03,317,pos,different,-10
2743,S7,wtrw,308,65535,0,2,3.0518043793392844e-05,4,mf,3,1,mRNA,LV03,317,pos,different,-9
2744,S7,wtrw,309,65514,0,2,3.0527826113502456e-05,4,mf,3,1,mRNA,LV03,317,pos,different,-8
2745,S7,wtrw,310,64336,0,4,6.217358865953743e-05,4,mf,3,1,mRNA,LV03,317,pos,different,-7
2746,S7,wtrw,311,64249,0,6,9.338666749677037e-05,4,mf,3,1,mRNA,LV03,317,pos,different,-6
2747,S7,wtrw,312,63679,0,2,3.1407528384553775e-05,4,mf,3,1,mRNA,LV03,317,pos,different,-5
2748,S7,wtrw,313,63771,0,2,3.136221793605244e-05,4,mf,3,1,mRNA,LV03,317,pos,different,-4
2749,S7,wtrw,314,61653,0,2,3.243962175401035e-05,4,mf,3,1,mRNA,LV03,317,pos,different,-3
2750,S7,wtrw,315,63313,0,2,3.1589089128614976e-05,4,mf,3,1,mRNA,LV03,317,pos,different,-2
2751,S7,wtrw,316,62755,0,4,6.373994104055454e-05,4,mf,3,1,mRNA,LV03,317,pos,different,-1
2752,S7,wtrw,317,63511,0,3,4.7235911889279023e-05,4,mf,3,1,mRNA,LV03,317,pos,different,0
2753,S7,wtrw,318,63633,0,3,4.714534911131017e-05,4,mf,3,1,mRNA,LV03,317,pos,different,1
2754,S7,wtrw,319,64610,0,5,7.738740133106331e-05,4,mf,3,1,mRNA,LV03,317,pos,different,2
2755,S7,wtrw,320,65641,0,2,3.0468761901860118e-05,4,mf,3,1,mRNA,LV03,317,pos,different,3
2756,S7,wtrw,321,65567,4,2,9.150944835054219e-05,4,mf,3,1,mRNA,LV03,317,pos,different,4
2757,S7,wtrw,322,66419,0,2,3.011186558063205e-05,4,mf,3,1,mRNA,LV03,317,pos,different,5
2758,S7,wtrw,323,66403,0,4,6.0238242248091204e-05,4,mf,3,1,mRNA,LV03,317,pos,different,6
2759,S7,wtrw,324,63772,0,5,7.840431537351816e-05,4,mf,3,1,mRNA,LV03,317,pos,different,7
2760,S7,wtrw,325,64142,0,4,6.23616351220729e-05,4,mf,3,1,mRNA,LV03,317,pos,different,8
2761,S7,wtrw,326,61765,0,6,9.71423945600259e-05,4,mf,3,1,mRNA,LV03,317,pos,different,9
2762,S7,wtrw,327,62739,0,2,3.1878098152664214e-05,4,mf,3,1,mRNA,LV03,317,pos,different,10
2763,S7,wtrw,328,61999,0,2,3.225858481588413e-05,4,mf,3,1,mRNA,LV03,317,pos,different,11
2764,S7,wtrw,329,61149,0,3,4.9060491586125696e-05,4,mf,3,1,mRNA,LV03,317,pos,different,12
2765,S7,wtrw,330,62197,0,2,3.2155891763268325e-05,4,mf,3,1,mRNA,LV03,317,pos,different,13
2766,S7,wtrw,331,61213,0,2,3.2672798261807135e-05,4,mf,3,1,mRNA,LV03,317,pos,different,14
2767,S7,wtrw,332,61349,0,2,3.260036838416274e-05,4,mf,3,1,mRNA,LV03,317,pos,different,15
2768,S7,wtrw,333,61344,0,2,3.260302556077204e-05,4,mf,3,1,mRNA,LV03,317,pos,different,16
2769,S7,wtrw,334,60968,0,2,3.2804093950925076e-05,4,mf,3,1,mRNA,LV03,317,pos,different,17
2770,S7,wtrw,335,64053,0,2,3.12241425069864e-05,4,mf,3,1,mRNA,LV03,317,pos,different,18
2771,S7,wtrw,336,63051,0,2,3.172035336473648e-05,4,mf,3,1,mRNA,LV03,317,pos,different,19
2772,S7,wtrw,337,65082,0,2,3.073046310807904e-05,4,mf,3,1,mRNA,LV03,317,pos,different,20
2773,S7,wtrw,338,64994,0,2,3.0772071268117055e-05,4,mf,3,1,mRNA,LV03,317,pos,different,21
2774,S7,wtrw,339,63455,0,2,3.151839886533764e-05,4,mf,3,1,mRNA,LV03,317,pos,different,22
2775,S7,wtrw,340,64015,0,2,3.124267749746153e-05,4,mf,3,1,mRNA,LV03,317,pos,different,23
2776,S7,wtrw,341,64213,0,4,6.229268216716242e-05,4,mf,3,1,mRNA,LV03,317,pos,different,24
2777,S7,wtrw,342,64200,0,2,3.115264797507788e-05,4,mf,3,1,mRNA,LV03,317,pos,different,25
2778,S7,wtrw,343,64442,2,2,6.207131994661866e-05,4,mf,3,1,mRNA,LV03,317,pos,different,26
2779,S7,wtrw,344,61856,0,4,6.466632177961717e-05,4,mf,3,1,mRNA,LV03,317,pos,different,27
2780,S7,wtrw,345,59260,0,4,6.749915626054674e-05,4,mf,3,1,mRNA,LV03,317,pos,different,28
2781,S7,wtrw,346,60263,0,4,6.637571976171117e-05,4,mf,3,1,mRNA,LV03,317,pos,different,29
3161,S8,wtrw,287,179666,1,7,4.4527066890786234e-05,4,mf,3,1,mRNA,LV03,317,pos,different,-30
3162,S8,wtrw,288,184749,0,2,1.0825498378881618e-05,4,mf,3,1,mRNA,LV03,317,pos,different,-29
3163,S8,wtrw,289,188236,0,2,1.0624960156399414e-05,4,mf,3,1,mRNA,LV03,317,pos,different,-28
3164,S8,wtrw,290,188755,0,2,1.0595745808058065e-05,4,mf,3,1,mRNA,LV03,317,pos,different,-27
3165,S8,wtrw,291,188553,0,9,4.7731937439340666e-05,4,mf,3,1,mRNA,LV03,317,pos,different,-26
3166,S8,wtrw,292,188572,0,2,1.0606028466580404e-05,4,mf,3,1,mRNA,LV03,317,pos,different,-25
3167,S8,wtrw,293,188288,0,11,5.842114208021754e-05,4,mf,3,1,mRNA,LV03,317,pos,different,-24
3168,S8,wtrw,294,188365,0,2,1.0617683752289437e-05,4,mf,3,1,mRNA,LV03,317,pos,different,-23
3169,S8,wtrw,295,188571,0,2,1.0606084710798585e-05,4,mf,3,1,mRNA,LV03,317,pos,different,-22
3170,S8,wtrw,296,189197,0,2,1.0570992140467344e-05,4,mf,3,1,mRNA,LV03,317,pos,different,-21
3171,S8,wtrw,297,186213,0,2,1.074038869466686e-05,4,mf,3,1,mRNA,LV03,317,pos,different,-20
3172,S8,wtrw,298,185014,0,2,1.0809992757304853e-05,4,mf,3,1,mRNA,LV03,317,pos,different,-19
3173,S8,wtrw,299,184725,0,2,1.0826904858573555e-05,4,mf,3,1,mRNA,LV03,317,pos,different,-18
3174,S8,wtrw,300,184900,0,3,1.6224986479177936e-05,4,mf,3,1,mRNA,LV03,317,pos,different,-17
3175,S8,wtrw,301,187091,0,2,1.0689985087470804e-05,4,mf,3,1,mRNA,LV03,317,pos,different,-16
3176,S8,wtrw,302,188138,0,2,1.0630494636915455e-05,4,mf,3,1,mRNA,LV03,317,pos,different,-15
3177,S8,wtrw,303,189230,6,2,4.227659462030333e-05,4,mf,3,1,mRNA,LV03,317,pos,different,-14
3178,S8,wtrw,304,188967,0,28,0.00014817401980239935,4,mf,3,1,mRNA,LV03,317,pos,different,-13
3179,S8,wtrw,305,195985,0,2,1.0204862617037018e-05,4,mf,3,1,mRNA,LV03,317,pos,different,-12
3180,S8,wtrw,306,196246,0,2,1.0191290523118942e-05,4,mf,3,1,mRNA,LV03,317,pos,different,-11
3181,S8,wtrw,307,199622,1,2,1.5028403682960797e-05,4,mf,3,1,mRNA,LV03,317,pos,different,-10
3182,S8,wtrw,308,199861,0,14,7.00486838352655e-05,4,mf,3,1,mRNA,LV03,317,pos,different,-9
3183,S8,wtrw,309,199803,4,6,5.004929855908069e-05,4,mf,3,1,mRNA,LV03,317,pos,different,-8
3184,S8,wtrw,310,196814,0,7,3.556657554848741e-05,4,mf,3,1,mRNA,LV03,317,pos,different,-7
3185,S8,wtrw,311,196624,0,10,5.0858491333713075e-05,4,mf,3,1,mRNA,LV03,317,pos,different,-6
3186,S8,wtrw,312,194955,0,4,2.051755533328204e-05,4,mf,3,1,mRNA,LV03,317,pos,different,-5
3187,S8,wtrw,313,195227,0,4,2.0488969251179396e-05,4,mf,3,1,mRNA,LV03,317,pos,different,-4
3188,S8,wtrw,314,188963,0,4,2.1168165196361193e-05,4,mf,3,1,mRNA,LV03,317,pos,different,-3
3189,S8,wtrw,315,194039,2,4,3.0921618849818854e-05,4,mf,3,1,mRNA,LV03,317,pos,different,-2
3190,S8,wtrw,316,192616,0,6,3.115006022344977e-05,4,mf,3,1,mRNA,LV03,317,pos,different,-1
3191,S8,wtrw,317,195326,0,6,3.071787678035694e-05,4,mf,3,1,mRNA,LV03,317,pos,different,0
3192,S8,wtrw,318,195636,0,10,5.111533664560715e-05,4,mf,3,1,mRNA,LV03,317,pos,different,1
3193,S8,wtrw,319,198336,0,11,5.546143917392707e-05,4,mf,3,1,mRNA,LV03,317,pos,different,2
3194,S8,wtrw,320,201436,0,4,1.9857423697849442e-05,4,mf,3,1,mRNA,LV03,317,pos,different,3
3195,S8,wtrw,321,201278,6,4,4.9682528641977764e-05,4,mf,3,1,mRNA,LV03,317,pos,different,4
3196,S8,wtrw,322,203907,0,10,4.904196520962988e-05,4,mf,3,1,mRNA,LV03,317,pos,different,5
3197,S8,wtrw,323,203888,0,2,9.809307070548536e-06,4,mf,3,1,mRNA,LV03,317,pos,different,6
3198,S8,wtrw,324,196175,1,10,5.6072384350707275e-05,4,mf,3,1,mRNA,LV03,317,pos,different,7
3199,S8,wtrw,325,197117,0,2,1.0146258313590406e-05,4,mf,3,1,mRNA,LV03,317,pos,different,8
3200,S8,wtrw,326,191082,0,2,1.04667106268513e-05,4,mf,3,1,mRNA,LV03,317,pos,different,9
3201,S8,wtrw,327,193836,0,2,1.031800078416806e-05,4,mf,3,1,mRNA,LV03,317,pos,different,10
3202,S8,wtrw,328,191858,0,4,2.0848752723368324e-05,4,mf,3,1,mRNA,LV03,317,pos,different,11
3203,S8,wtrw,329,189183,0,6,3.1715323258432314e-05,4,mf,3,1,mRNA,LV03,317,pos,different,12
3204,S8,wtrw,330,192324,1,2,1.559867723217071e-05,4,mf,3,1,mRNA,LV03,317,pos,different,13
3205,S8,wtrw,331,189451,0,2,1.0556819441438683e-05,4,mf,3,1,mRNA,LV03,317,pos,different,14
3206,S8,wtrw,332,189858,0,2,1.0534188709456542e-05,4,mf,3,1,mRNA,LV03,317,pos,different,15
3207,S8,wtrw,333,189824,2,2,2.107215104517869e-05,4,mf,3,1,mRNA,LV03,317,pos,different,16
3208,S8,wtrw,334,188692,0,3,1.589892523265427e-05,4,mf,3,1,mRNA,LV03,317,pos,different,17
3209,S8,wtrw,335,198082,0,3,1.514524287921164e-05,4,mf,3,1,mRNA,LV03,317,pos,different,18
3210,S8,wtrw,336,195562,1,3,2.0453871406510466e-05,4,mf,3,1,mRNA,LV03,317,pos,different,19
3211,S8,wtrw,337,201976,0,4,1.9804333188101555e-05,4,mf,3,1,mRNA,LV03,317,pos,different,20
3212,S8,wtrw,338,201537,0,6,2.9771208264487416e-05,4,mf,3,1,mRNA,LV03,317,pos,different,21
3213,S8,wtrw,339,197177,0,4,2.028634171328299e-05,4,mf,3,1,mRNA,LV03,317,pos,different,22
3214,S8,wtrw,340,198722,0,4,2.0128621893902035e-05,4,mf,3,1,mRNA,LV03,317,pos,different,23
3215,S8,wtrw,341,199307,0,4,2.0069540959424405e-05,4,mf,3,1,mRNA,LV03,317,pos,different,24
3216,S8,wtrw,342,199289,0,4,2.0071353662269366e-05,4,mf,3,1,mRNA,LV03,317,pos,different,25
3217,S8,wtrw,343,200365,21,9,0.00014972674868365233,4,mf,3,1,mRNA,LV03,317,pos,different,26
3218,S8,wtrw,344,192544,4,16,0.00010387236164201429,4,mf,3,1,mRNA,LV03,317,pos,different,27
3219,S8,wtrw,345,183926,4,0,2.17478768635212e-05,4,mf,3,1,mRNA,LV03,317,pos,different,28
3220,S8,wtrw,346,186911,2,0,1.0700279812317093e-05,4,mf,3,1,mRNA,LV03,317,pos,different,29
3601,S9,wtrw,287,381882,0,9,2.3567489433908905e-05,4,mf,3,1,mRNA,LV03,317,pos,different,-30
3602,S9,wtrw,288,394700,0,0,0.0,4,mf,3,1,mRNA,LV03,317,pos,different,-29
3603,S9,wtrw,289,403801,2,0,4.95293473765543e-06,4,mf,3,1,mRNA,LV03,317,pos,different,-28
3604,S9,wtrw,290,405144,0,0,0.0,4,mf,3,1,mRNA,LV03,317,pos,different,-27
3605,S9,wtrw,291,404538,1,12,3.213542361904197e-05,4,mf,3,1,mRNA,LV03,317,pos,different,-26
3606,S9,wtrw,292,404490,4,3,1.730574303443843e-05,4,mf,3,1,mRNA,LV03,317,pos,different,-25
3607,S9,wtrw,293,403611,0,14,3.4686864332240694e-05,4,mf,3,1,mRNA,LV03,317,pos,different,-24
3608,S9,wtrw,294,403825,0,0,0.0,4,mf,3,1,mRNA,LV03,317,pos,different,-23
3609,S9,wtrw,295,404360,0,0,0.0,4,mf,3,1,mRNA,LV03,317,pos,different,-22
3610,S9,wtrw,296,405612,0,0,0.0,4,mf,3,1,mRNA,LV03,317,pos,different,-21
3611,S9,wtrw,297,396838,0,0,0.0,4,mf,3,1,mRNA,LV03,317,pos,different,-20
3612,S9,wtrw,298,392710,0,1,2.546408291105396e-06,4,mf,3,1,mRNA,LV03,317,pos,different,-19
3613,S9,wtrw,299,391721,4,0,1.0211349404295404e-05,4,mf,3,1,mRNA,LV03,317,pos,different,-18
3614,S9,wtrw,300,392197,1,12,3.314660744472803e-05,4,mf,3,1,mRNA,LV03,317,pos,different,-17
3615,S9,wtrw,301,397885,0,0,0.0,4,mf,3,1,mRNA,LV03,317,pos,different,-16
3616,S9,wtrw,302,400344,0,0,0.0,4,mf,3,1,mRNA,LV03,317,pos,different,-15
3617,S9,wtrw,303,402749,10,10,4.965872044375032e-05,4,mf,3,1,mRNA,LV03,317,pos,different,-14
3618,S9,wtrw,304,402066,1,97,0.00024374107733556182,4,mf,3,1,mRNA,LV03,317,pos,different,-13
3619,S9,wtrw,305,419544,1,0,2.3835402246248307e-06,4,mf,3,1,mRNA,LV03,317,pos,different,-12
3620,S9,wtrw,306,420050,0,0,0.0,4,mf,3,1,mRNA,LV03,317,pos,different,-11
3621,S9,wtrw,307,428384,2,3,1.1671771121237021e-05,4,mf,3,1,mRNA,LV03,317,pos,different,-10
3622,S9,wtrw,308,429128,0,14,3.262429857758058e-05,4,mf,3,1,mRNA,LV03,317,pos,different,-9
3623,S9,wtrw,309,428949,6,1,1.6318956332804134e-05,4,mf,3,1,mRNA,LV03,317,pos,different,-8
3624,S9,wtrw,310,420582,0,12,2.8531891521748435e-05,4,mf,3,1,mRNA,LV03,317,pos,different,-7
3625,S9,wtrw,311,420129,1,9,2.3802213129776807e-05,4,mf,3,1,mRNA,LV03,317,pos,different,-6
3626,S9,wtrw,312,415421,0,4,9.628786219281163e-06,4,mf,3,1,mRNA,LV03,317,pos,different,-5
3627,S9,wtrw,313,415985,0,0,0.0,4,mf,3,1,mRNA,LV03,317,pos,different,-4
3628,S9,wtrw,314,398367,1,0,2.510248087818519e-06,4,mf,3,1,mRNA,LV03,317,pos,different,-3
3629,S9,wtrw,315,412606,6,0,1.4541717764647145e-05,4,mf,3,1,mRNA,LV03,317,pos,different,-2
3630,S9,wtrw,316,408846,0,7,1.7121361099289217e-05,4,mf,3,1,mRNA,LV03,317,pos,different,-1
3631,S9,wtrw,317,416410,0,2,4.802958622511467e-06,4,mf,3,1,mRNA,LV03,317,pos,different,0
3632,S9,wtrw,318,417523,0,33,7.903756200257231e-05,4,mf,3,1,mRNA,LV03,317,pos,different,1
3633,S9,wtrw,319,424743,0,42,9.888332473990154e-05,4,mf,3,1,mRNA,LV03,317,pos,different,2
3634,S9,wtrw,320,433584,0,0,0.0,4,mf,3,1,mRNA,LV03,317,pos,different,3
3635,S9,wtrw,321,433233,14,2,3.693162801540972e-05,4,mf,3,1,mRNA,LV03,317,pos,different,4
3636,S9,wtrw,322,439177,0,8,1.8215890176398127e-05,4,mf,3,1,mRNA,LV03,317,pos,different,5
3637,S9,wtrw,323,439133,1,1,4.554428840465189e-06,4,mf,3,1,mRNA,LV03,317,pos,different,6
3638,S9,wtrw,324,419746,0,9,2.144153845420802e-05,4,mf,3,1,mRNA,LV03,317,pos,different,7
3639,S9,wtrw,325,422279,0,5,1.184051302574838e-05,4,mf,3,1,mRNA,LV03,317,pos,different,8
3640,S9,wtrw,326,404798,0,8,1.9762943492803817e-05,4,mf,3,1,mRNA,LV03,317,pos,different,9
3641,S9,wtrw,327,412874,0,2,4.8440928709485216e-06,4,mf,3,1,mRNA,LV03,317,pos,different,10
3642,S9,wtrw,328,407316,0,3,7.365288866629349e-06,4,mf,3,1,mRNA,LV03,317,pos,different,11
3643,S9,wtrw,329,399636,0,3,7.50683121640693e-06,4,mf,3,1,mRNA,LV03,317,pos,different,12
3644,S9,wtrw,330,409149,0,6,1.4664584295696677e-05,4,mf,3,1,mRNA,LV03,317,pos,different,13
3645,S9,wtrw,331,403329,1,7,1.9834923846289257e-05,4,mf,3,1,mRNA,LV03,317,pos,different,14
3646,S9,wtrw,332,404233,1,9,2.473820791474224e-05,4,mf,3,1,mRNA,LV03,317,pos,different,15
3647,S9,wtrw,333,404148,1,6,1.7320387580787238e-05,4,mf,3,1,mRNA,LV03,317,pos,different,16
3648,S9,wtrw,334,400936,0,8,1.9953309256340165e-05,4,mf,3,1,mRNA,LV03,317,pos,different,17
3649,S9,wtrw,335,422795,0,8,1.8921699641670313e-05,4,mf,3,1,mRNA,LV03,317,pos,different,18
3650,S9,wtrw,336,414952,1,9,2.409917291638551e-05,4,mf,3,1,mRNA,LV03,317,pos,different,19
3651,S9,wtrw,337,430010,0,11,2.5580800446501245e-05,4,mf,3,1,mRNA,LV03,317,pos,different,20
3652,S9,wtrw,338,429044,0,17,3.9622975732092746e-05,4,mf,3,1,mRNA,LV03,317,pos,different,21
3653,S9,wtrw,339,417455,0,9,2.1559209974727816e-05,4,mf,3,1,mRNA,LV03,317,pos,different,22
3654,S9,wtrw,340,421563,1,12,3.083762094870755e-05,4,mf,3,1,mRNA,LV03,317,pos,different,23
3655,S9,wtrw,341,423084,0,9,2.1272371443968573e-05,4,mf,3,1,mRNA,LV03,317,pos,different,24
3656,S9,wtrw,342,423104,0,8,1.8907880804719407e-05,4,mf,3,1,mRNA,LV03,317,pos,different,25
3657,S9,wtrw,343,423667,34,8,9.913446173527795e-05,4,mf,3,1,mRNA,LV03,317,pos,different,26
3658,S9,wtrw,344,406623,7,44,0.00012542330364981815,4,mf,3,1,mRNA,LV03,317,pos,different,27
3659,S9,wtrw,345,396980,12,11,5.793742757821553e-05,4,mf,3,1,mRNA,LV03,317,pos,different,28
3660,S9,wtrw,346,405367,0,13,3.206970473669539e-05,4,mf,3,1,mRNA,LV03,317,pos,different,29
