,S_num,chrom,pos,reads_all,insertions,deletions,indel_rate,injection,sex,animals,age,cas9
36,S17,ppk28,-30,776683,28,6887,0.008903246240744293,14,mf,3,p1,protein400sgRNA40
37,S17,ppk28,-29,776940,16,6955,0.00897237881947126,14,mf,3,p1,protein400sgRNA40
38,S17,ppk28,-28,777181,5,6979,0.008986323649188542,14,mf,3,p1,protein400sgRNA40
39,S17,ppk28,-27,777434,4,7264,0.009348703555542978,14,mf,3,p1,protein400sgRNA40
40,S17,ppk28,-26,777594,6,7512,0.009668284477503685,14,mf,3,p1,protein400sgRNA40
41,S17,ppk28,-25,777956,12,7618,0.009807752623541692,14,mf,3,p1,protein400sgRNA40
42,S17,ppk28,-24,778222,4,7886,0.010138495185178523,14,mf,3,p1,protein400sgRNA40
43,S17,ppk28,-23,778353,31,9318,0.0120112596726678,14,mf,3,p1,protein400sgRNA40
44,S17,ppk28,-22,778645,15,9336,0.012009323889577407,14,mf,3,p1,protein400sgRNA40
45,S17,ppk28,-21,778803,98,10793,0.013984281005594483,14,mf,3,p1,protein400sgRNA40
46,S17,ppk28,-20,778949,7,11542,0.014826387863647043,14,mf,3,p1,protein400sgRNA40
47,S17,ppk28,-19,779108,16,14721,0.018915220996318868,14,mf,3,p1,protein400sgRNA40
48,S17,ppk28,-18,779391,22,15452,0.0198539629018041,14,mf,3,p1,protein400sgRNA40
49,S17,ppk28,-17,779663,18,15490,0.019890645060750608,14,mf,3,p1,protein400sgRNA40
50,S17,ppk28,-16,779984,20,15986,0.020520933762743852,14,mf,3,p1,protein400sgRNA40
51,S17,ppk28,-15,780497,30,26011,0.03336463817285652,14,mf,3,p1,protein400sgRNA40
52,S17,ppk28,-14,781208,30,31772,0.04070874850231949,14,mf,3,p1,protein400sgRNA40
53,S17,ppk28,-13,781514,94,31938,0.04098710963591183,14,mf,3,p1,protein400sgRNA40
54,S17,ppk28,-12,781931,9841,32031,0.0535494819875411,14,mf,3,p1,protein400sgRNA40
55,S17,ppk28,-11,782275,824,36150,0.04726470870218274,14,mf,3,p1,protein400sgRNA40
56,S17,ppk28,-10,782927,68,42412,0.05425793209328584,14,mf,3,p1,protein400sgRNA40
57,S17,ppk28,-9,783517,397,50288,0.06468908779260693,14,mf,3,p1,protein400sgRNA40
58,S17,ppk28,-8,784143,531,52509,0.06764072369453021,14,mf,3,p1,protein400sgRNA40
59,S17,ppk28,-7,785013,4183,82769,0.11076504465531144,14,mf,3,p1,protein400sgRNA40
60,S17,ppk28,-6,786247,163,130002,0.1655523009944712,14,mf,3,p1,protein400sgRNA40
61,S17,ppk28,-5,787299,1222,133158,0.17068483511347024,14,mf,3,p1,protein400sgRNA40
62,S17,ppk28,-4,788990,11664,163269,0.22171763900683153,14,mf,3,p1,protein400sgRNA40
63,S17,ppk28,-3,792237,7665,207880,0.27207136248370123,14,mf,3,p1,protein400sgRNA40
64,S17,ppk28,-2,798905,2003,196203,0.248097082882195,14,mf,3,p1,protein400sgRNA40
65,S17,ppk28,-1,811878,6073,140746,0.18083874670824926,14,mf,3,p1,protein400sgRNA40
66,S17,ppk28,0,824791,973,106054,0.12976257015413603,14,mf,3,p1,protein400sgRNA40
67,S17,ppk28,1,828170,607,100308,0.12185300119540673,14,mf,3,p1,protein400sgRNA40
68,S17,ppk28,2,833007,244,87686,0.10555733625287662,14,mf,3,p1,protein400sgRNA40
69,S17,ppk28,3,843031,13,77372,0.09179377745302367,14,mf,3,p1,protein400sgRNA40
70,S17,ppk28,4,844561,1,72578,0.08593695422829138,14,mf,3,p1,protein400sgRNA40
71,S17,ppk28,5,847441,1,20912,0.02467782417891039,14,mf,3,p1,protein400sgRNA40
72,S17,ppk28,6,847700,0,18845,0.022230742007785773,14,mf,3,p1,protein400sgRNA40
73,S17,ppk28,7,848944,1,18701,0.022029721630637593,14,mf,3,p1,protein400sgRNA40
74,S17,ppk28,8,849027,0,18720,0.02204876876707101,14,mf,3,p1,protein400sgRNA40
75,S17,ppk28,9,849154,0,10427,0.012279280318999851,14,mf,3,p1,protein400sgRNA40
76,S17,ppk28,10,849279,1,10355,0.012193872684948056,14,mf,3,p1,protein400sgRNA40
77,S17,ppk28,11,849404,0,8365,0.009848081713766358,14,mf,3,p1,protein400sgRNA40
78,S17,ppk28,12,850042,86,4324,0.005187978946922623,14,mf,3,p1,protein400sgRNA40
79,S17,ppk28,13,850093,0,4283,0.005038272283150197,14,mf,3,p1,protein400sgRNA40
80,S17,ppk28,14,850177,0,3647,0.00428969496940049,14,mf,3,p1,protein400sgRNA40
81,S17,ppk28,15,851424,0,3640,0.004275190739279137,14,mf,3,p1,protein400sgRNA40
82,S17,ppk28,16,851468,0,3636,0.004270272047804498,14,mf,3,p1,protein400sgRNA40
83,S17,ppk28,17,851503,2,3636,0.00427244531140818,14,mf,3,p1,protein400sgRNA40
84,S17,ppk28,18,851534,11,3628,0.004273464124744285,14,mf,3,p1,protein400sgRNA40
85,S17,ppk28,19,851554,21,3538,0.004179417864281067,14,mf,3,p1,protein400sgRNA40
86,S17,ppk28,20,851558,15,3538,0.004172352323623288,14,mf,3,p1,protein400sgRNA40
87,S17,ppk28,21,851582,8,3087,0.0036344121881392516,14,mf,3,p1,protein400sgRNA40
88,S17,ppk28,22,851588,4,3079,0.003620295260149274,14,mf,3,p1,protein400sgRNA40
89,S17,ppk28,23,851242,20,3106,0.00367228120792912,14,mf,3,p1,protein400sgRNA40
90,S17,ppk28,24,851202,41,3090,0.0036783278234778583,14,mf,3,p1,protein400sgRNA40
91,S17,ppk28,25,851154,16,3027,0.0035751462132587054,14,mf,3,p1,protein400sgRNA40
92,S17,ppk28,26,851127,9,3027,0.0035670352368095477,14,mf,3,p1,protein400sgRNA40
93,S17,ppk28,27,851127,66,3029,0.00363635509154333,14,mf,3,p1,protein400sgRNA40
94,S17,ppk28,28,851084,8,3039,0.003580140150678429,14,mf,3,p1,protein400sgRNA40
95,S17,ppk28,29,851073,2,3028,0.0035602116387195926,14,mf,3,p1,protein400sgRNA40
200,S18,ppk28,-30,1449311,40,44368,0.030640766543550694,14,mf,3,p2,protein400sgRNA40
201,S18,ppk28,-29,1449502,22,44382,0.03063396945985587,14,mf,3,p2,protein400sgRNA40
202,S18,ppk28,-28,1449668,1,44619,0.030779461228364013,14,mf,3,p2,protein400sgRNA40
203,S18,ppk28,-27,1449788,3,44816,0.030914175038005556,14,mf,3,p2,protein400sgRNA40
204,S18,ppk28,-26,1449935,4,44827,0.0309193170728343,14,mf,3,p2,protein400sgRNA40
205,S18,ppk28,-25,1450017,14,47692,0.032900303927471196,14,mf,3,p2,protein400sgRNA40
206,S18,ppk28,-24,1450236,7,47678,0.0328808552539035,14,mf,3,p2,protein400sgRNA40
207,S18,ppk28,-23,1450371,32,51765,0.03571293138100527,14,mf,3,p2,protein400sgRNA40
208,S18,ppk28,-22,1450593,21,51764,0.035699193364368914,14,mf,3,p2,protein400sgRNA40
209,S18,ppk28,-21,1450738,31,51812,0.035735604912809894,14,mf,3,p2,protein400sgRNA40
210,S18,ppk28,-20,1450861,8,56919,0.03923670151723701,14,mf,3,p2,protein400sgRNA40
211,S18,ppk28,-19,1450990,4,67002,0.04617950502760185,14,mf,3,p2,protein400sgRNA40
212,S18,ppk28,-18,1451151,16,68978,0.04754432860536223,14,mf,3,p2,protein400sgRNA40
213,S18,ppk28,-17,1451225,30,69234,0.047727953969921966,14,mf,3,p2,protein400sgRNA40
214,S18,ppk28,-16,1451443,78,69203,0.047732497934813836,14,mf,3,p2,protein400sgRNA40
215,S18,ppk28,-15,1451751,48,70424,0.04854275974323421,14,mf,3,p2,protein400sgRNA40
216,S18,ppk28,-14,1452369,222,72417,0.050014149296769624,14,mf,3,p2,protein400sgRNA40
217,S18,ppk28,-13,1452538,551,81931,0.05678474504625697,14,mf,3,p2,protein400sgRNA40
218,S18,ppk28,-12,1452809,14831,82170,0.06676789584866283,14,mf,3,p2,protein400sgRNA40
219,S18,ppk28,-11,1452981,820,82483,0.05733247716246806,14,mf,3,p2,protein400sgRNA40
220,S18,ppk28,-10,1453354,51,82791,0.057000565588287505,14,mf,3,p2,protein400sgRNA40
221,S18,ppk28,-9,1453626,200,90636,0.062489251017799625,14,mf,3,p2,protein400sgRNA40
222,S18,ppk28,-8,1454094,699,92245,0.06391883880959554,14,mf,3,p2,protein400sgRNA40
223,S18,ppk28,-7,1454776,649,131405,0.0907727375211029,14,mf,3,p2,protein400sgRNA40
224,S18,ppk28,-6,1455728,282,145747,0.10031338271984876,14,mf,3,p2,protein400sgRNA40
225,S18,ppk28,-5,1456556,1041,146842,0.10152922373049852,14,mf,3,p2,protein400sgRNA40
226,S18,ppk28,-4,1457545,99435,162709,0.17985310916644082,14,mf,3,p2,protein400sgRNA40
227,S18,ppk28,-3,1460174,6037,180670,0.12786626799271866,14,mf,3,p2,protein400sgRNA40
228,S18,ppk28,-2,1463194,39583,183933,0.15275896429318328,14,mf,3,p2,protein400sgRNA40
229,S18,ppk28,-1,1469488,4558,157598,0.11034863843733328,14,mf,3,p2,protein400sgRNA40
230,S18,ppk28,0,1477430,40546,417769,0.3102109744624111,14,mf,3,p2,protein400sgRNA40
231,S18,ppk28,1,1488054,1014,403109,0.2715781819745789,14,mf,3,p2,protein400sgRNA40
232,S18,ppk28,2,1491914,34,88598,0.05940825007339565,14,mf,3,p2,protein400sgRNA40
233,S18,ppk28,3,1511886,2254,46884,0.03250112773052995,14,mf,3,p2,protein400sgRNA40
234,S18,ppk28,4,1513440,17,22904,0.015144967755576699,14,mf,3,p2,protein400sgRNA40
235,S18,ppk28,5,1515050,0,10786,0.007119236988878255,14,mf,3,p2,protein400sgRNA40
236,S18,ppk28,6,1515275,0,10309,0.006803385524079788,14,mf,3,p2,protein400sgRNA40
237,S18,ppk28,7,1515339,1,7773,0.005130205188409986,14,mf,3,p2,protein400sgRNA40
238,S18,ppk28,8,1515361,0,7794,0.005143328883348588,14,mf,3,p2,protein400sgRNA40
239,S18,ppk28,9,1515417,0,7219,0.004763705303556711,14,mf,3,p2,protein400sgRNA40
240,S18,ppk28,10,1515452,0,7167,0.0047292820887761535,14,mf,3,p2,protein400sgRNA40
241,S18,ppk28,11,1515480,1,3183,0.002100984506558978,14,mf,3,p2,protein400sgRNA40
242,S18,ppk28,12,1515739,0,1729,0.0011406977058715253,14,mf,3,p2,protein400sgRNA40
243,S18,ppk28,13,1515751,0,1723,0.0011367302413127223,14,mf,3,p2,protein400sgRNA40
244,S18,ppk28,14,1515754,0,1686,0.001112317697990571,14,mf,3,p2,protein400sgRNA40
245,S18,ppk28,15,1515771,0,1568,0.0010344570518897643,14,mf,3,p2,protein400sgRNA40
246,S18,ppk28,16,1515773,1,1475,0.0009737605828841126,14,mf,3,p2,protein400sgRNA40
247,S18,ppk28,17,1515782,1,1472,0.0009717756247270386,14,mf,3,p2,protein400sgRNA40
248,S18,ppk28,18,1515791,0,1472,0.0009711101332571574,14,mf,3,p2,protein400sgRNA40
249,S18,ppk28,19,1515794,0,1479,0.0009757262530396611,14,mf,3,p2,protein400sgRNA40
250,S18,ppk28,20,1515795,0,1477,0.0009744061696997285,14,mf,3,p2,protein400sgRNA40
251,S18,ppk28,21,1515796,0,1485,0.000979683281919203,14,mf,3,p2,protein400sgRNA40
252,S18,ppk28,22,1515797,0,1470,0.0009697868514055641,14,mf,3,p2,protein400sgRNA40
253,S18,ppk28,23,1515551,7,1268,0.0008412781885927957,14,mf,3,p2,protein400sgRNA40
254,S18,ppk28,24,1515527,0,1288,0.0008498693853689178,14,mf,3,p2,protein400sgRNA40
255,S18,ppk28,25,1515505,0,1263,0.0008333855711462516,14,mf,3,p2,protein400sgRNA40
256,S18,ppk28,26,1515477,0,1262,0.0008327411105546307,14,mf,3,p2,protein400sgRNA40
257,S18,ppk28,27,1515477,0,1262,0.0008327411105546307,14,mf,3,p2,protein400sgRNA40
258,S18,ppk28,28,1515450,3,1288,0.0008518921772410835,14,mf,3,p2,protein400sgRNA40
259,S18,ppk28,29,1515437,0,1271,0.0008387019717744782,14,mf,3,p2,protein400sgRNA40
364,S19,ppk28,-30,1452841,18,28851,0.01987072226072915,15,mf,3,p3,protein400sgRNA160
365,S19,ppk28,-29,1453052,16,28858,0.01987127783451659,15,mf,3,p3,protein400sgRNA160
366,S19,ppk28,-28,1453295,0,29090,0.020016583006203147,15,mf,3,p3,protein400sgRNA160
367,S19,ppk28,-27,1453479,2,29025,0.019970704771104363,15,mf,3,p3,protein400sgRNA160
368,S19,ppk28,-26,1453618,4,29198,0.020089184366181487,15,mf,3,p3,protein400sgRNA160
369,S19,ppk28,-25,1453716,8,29242,0.020120848914093263,15,mf,3,p3,protein400sgRNA160
370,S19,ppk28,-24,1454023,1,29238,0.020109035414157823,15,mf,3,p3,protein400sgRNA160
371,S19,ppk28,-23,1454212,17,38168,0.026258207193999225,15,mf,3,p3,protein400sgRNA160
372,S19,ppk28,-22,1454493,13,38209,0.02627857267102695,15,mf,3,p3,protein400sgRNA160
373,S19,ppk28,-21,1454606,14,38267,0.026317092051043375,15,mf,3,p3,protein400sgRNA160
374,S19,ppk28,-20,1454711,3,40297,0.027703097041267992,15,mf,3,p3,protein400sgRNA160
375,S19,ppk28,-19,1454966,2,46585,0.03201930491846545,15,mf,3,p3,protein400sgRNA160
376,S19,ppk28,-18,1455157,6,48514,0.03334348115014393,15,mf,3,p3,protein400sgRNA160
377,S19,ppk28,-17,1455266,15,48556,0.033376028849708576,15,mf,3,p3,protein400sgRNA160
378,S19,ppk28,-16,1455463,7,49483,0.034002925529539395,15,mf,3,p3,protein400sgRNA160
379,S19,ppk28,-15,1455637,14,174473,0.1198698576636895,15,mf,3,p3,protein400sgRNA160
380,S19,ppk28,-14,1456062,180,178109,0.12244602221608696,15,mf,3,p3,protein400sgRNA160
381,S19,ppk28,-13,1456222,24,178248,0.12242089461634284,15,mf,3,p3,protein400sgRNA160
382,S19,ppk28,-12,1456426,1668,178303,0.12357030154638822,15,mf,3,p3,protein400sgRNA160
383,S19,ppk28,-11,1456562,37,179001,0.12291821426070432,15,mf,3,p3,protein400sgRNA160
384,S19,ppk28,-10,1456893,16,179391,0.12314356648017391,15,mf,3,p3,protein400sgRNA160
385,S19,ppk28,-9,1457139,135,179899,0.12355307215028903,15,mf,3,p3,protein400sgRNA160
386,S19,ppk28,-8,1457486,194,184098,0.12644512537341696,15,mf,3,p3,protein400sgRNA160
387,S19,ppk28,-7,1457992,322,197170,0.13545478987539025,15,mf,3,p3,protein400sgRNA160
388,S19,ppk28,-6,1458503,129,214450,0.14712276903098587,15,mf,3,p3,protein400sgRNA160
389,S19,ppk28,-5,1458972,231,218731,0.1500796451199886,15,mf,3,p3,protein400sgRNA160
390,S19,ppk28,-4,1459366,1884,221882,0.15333096700896143,15,mf,3,p3,protein400sgRNA160
391,S19,ppk28,-3,1460722,3105,214101,0.14869769880921901,15,mf,3,p3,protein400sgRNA160
392,S19,ppk28,-2,1462609,10349,208738,0.1497919129446079,15,mf,3,p3,protein400sgRNA160
393,S19,ppk28,-1,1466923,14475,223983,0.16255658954150967,15,mf,3,p3,protein400sgRNA160
394,S19,ppk28,0,1494755,2648,183496,0.1245314449525173,15,mf,3,p3,protein400sgRNA160
395,S19,ppk28,1,1501517,19,199072,0.13259323737260384,15,mf,3,p3,protein400sgRNA160
396,S19,ppk28,2,1508897,159,196341,0.1302275768326135,15,mf,3,p3,protein400sgRNA160
397,S19,ppk28,3,1562809,28,38782,0.024833488929229354,15,mf,3,p3,protein400sgRNA160
398,S19,ppk28,4,1563969,10,28726,0.01837376572042029,15,mf,3,p3,protein400sgRNA160
399,S19,ppk28,5,1564699,8,8245,0.005274496884065242,15,mf,3,p3,protein400sgRNA160
400,S19,ppk28,6,1564783,2,8084,0.005167489677482437,15,mf,3,p3,protein400sgRNA160
401,S19,ppk28,7,1564824,299,7949,0.005270880303471828,15,mf,3,p3,protein400sgRNA160
402,S19,ppk28,8,1564954,1,8018,0.00512411227422659,15,mf,3,p3,protein400sgRNA160
403,S19,ppk28,9,1565516,8,3956,0.0025320724923922847,15,mf,3,p3,protein400sgRNA160
404,S19,ppk28,10,1565574,0,3384,0.0021615075365329266,15,mf,3,p3,protein400sgRNA160
405,S19,ppk28,11,1565605,0,3374,0.002155077430130844,15,mf,3,p3,protein400sgRNA160
406,S19,ppk28,12,1565676,0,3224,0.002059174439666955,15,mf,3,p3,protein400sgRNA160
407,S19,ppk28,13,1565705,0,2447,0.0015628742323745533,15,mf,3,p3,protein400sgRNA160
408,S19,ppk28,14,1565722,0,2414,0.0015417807248029982,15,mf,3,p3,protein400sgRNA160
409,S19,ppk28,15,1566204,2,2422,0.0015476911053732465,15,mf,3,p3,protein400sgRNA160
410,S19,ppk28,16,1566226,0,2412,0.0015400076361904349,15,mf,3,p3,protein400sgRNA160
411,S19,ppk28,17,1566255,0,2407,0.0015367867939767152,15,mf,3,p3,protein400sgRNA160
412,S19,ppk28,18,1566275,0,2397,0.0015303825956489122,15,mf,3,p3,protein400sgRNA160
413,S19,ppk28,19,1566325,0,759,0.0004845737634271304,15,mf,3,p3,protein400sgRNA160
414,S19,ppk28,20,1566327,0,754,0.00048138096323436933,15,mf,3,p3,protein400sgRNA160
415,S19,ppk28,21,1566330,0,755,0.0004820184763108668,15,mf,3,p3,protein400sgRNA160
416,S19,ppk28,22,1566333,0,751,0.000479463817719476,15,mf,3,p3,protein400sgRNA160
417,S19,ppk28,23,1565989,1,750,0.0004795691412902645,15,mf,3,p3,protein400sgRNA160
418,S19,ppk28,24,1565960,0,774,0.0004942654984801655,15,mf,3,p3,protein400sgRNA160
419,S19,ppk28,25,1565939,0,749,0.0004783072648423725,15,mf,3,p3,protein400sgRNA160
420,S19,ppk28,26,1565917,0,749,0.0004783139847131106,15,mf,3,p3,protein400sgRNA160
421,S19,ppk28,27,1565916,0,750,0.00047895289402496684,15,mf,3,p3,protein400sgRNA160
422,S19,ppk28,28,1565883,2,777,0.0004974828898455376,15,mf,3,p3,protein400sgRNA160
423,S19,ppk28,29,1565877,0,745,0.00047577172408816274,15,mf,3,p3,protein400sgRNA160
528,S20,ppk28,-30,1008340,26,45191,0.04484300930241784,15,mf,3,p4,protein400sgRNA160
529,S20,ppk28,-29,1008452,12,46086,0.04571164517498106,15,mf,3,p4,protein400sgRNA160
530,S20,ppk28,-28,1008546,1,50443,0.05001655849113476,15,mf,3,p4,protein400sgRNA160
531,S20,ppk28,-27,1008632,8,51494,0.05106123938165753,15,mf,3,p4,protein400sgRNA160
532,S20,ppk28,-26,1008704,3,51502,0.051060568809085716,15,mf,3,p4,protein400sgRNA160
533,S20,ppk28,-25,1008974,12,51525,0.05107862045999203,15,mf,3,p4,protein400sgRNA160
534,S20,ppk28,-24,1009124,4,52436,0.051965863461774765,15,mf,3,p4,protein400sgRNA160
535,S20,ppk28,-23,1009226,9,52562,0.05209041384189468,15,mf,3,p4,protein400sgRNA160
536,S20,ppk28,-22,1009391,3,52586,0.05209973142221399,15,mf,3,p4,protein400sgRNA160
537,S20,ppk28,-21,1009478,22,55966,0.05546232805469758,15,mf,3,p4,protein400sgRNA160
538,S20,ppk28,-20,1009584,2,68053,0.06740895259829792,15,mf,3,p4,protein400sgRNA160
539,S20,ppk28,-19,1010408,1,70555,0.06982921750421611,15,mf,3,p4,protein400sgRNA160
540,S20,ppk28,-18,1010567,3,72292,0.07153904689149755,15,mf,3,p4,protein400sgRNA160
541,S20,ppk28,-17,1010674,20,73530,0.07277321866398068,15,mf,3,p4,protein400sgRNA160
542,S20,ppk28,-16,1010839,60,74442,0.07370313175490854,15,mf,3,p4,protein400sgRNA160
543,S20,ppk28,-15,1011227,43,99716,0.0986514402799767,15,mf,3,p4,protein400sgRNA160
544,S20,ppk28,-14,1011708,50,101807,0.10067825894428037,15,mf,3,p4,protein400sgRNA160
545,S20,ppk28,-13,1011825,115,102062,0.10098287747387147,15,mf,3,p4,protein400sgRNA160
546,S20,ppk28,-12,1011990,6877,102293,0.10787656004505973,15,mf,3,p4,protein400sgRNA160
547,S20,ppk28,-11,1012133,1198,104118,0.10405351865812101,15,mf,3,p4,protein400sgRNA160
548,S20,ppk28,-10,1012419,67,121650,0.12022393890276654,15,mf,3,p4,protein400sgRNA160
549,S20,ppk28,-9,1012675,976,133593,0.13288468659737823,15,mf,3,p4,protein400sgRNA160
550,S20,ppk28,-8,1012918,39476,141705,0.1788703527827524,15,mf,3,p4,protein400sgRNA160
551,S20,ppk28,-7,1013397,1787,243525,0.24206900158575564,15,mf,3,p4,protein400sgRNA160
552,S20,ppk28,-6,1014101,996,280252,0.27733726719527935,15,mf,3,p4,protein400sgRNA160
553,S20,ppk28,-5,1014806,1140,282648,0.2796475385443129,15,mf,3,p4,protein400sgRNA160
554,S20,ppk28,-4,1015968,30205,291417,0.316567057230149,15,mf,3,p4,protein400sgRNA160
555,S20,ppk28,-3,1018906,14371,317636,0.3258465452161436,15,mf,3,p4,protein400sgRNA160
556,S20,ppk28,-2,1024605,55385,257946,0.3058066279200277,15,mf,3,p4,protein400sgRNA160
557,S20,ppk28,-1,1053178,49303,233598,0.26861651116905216,15,mf,3,p4,protein400sgRNA160
558,S20,ppk28,0,1060103,4017,245873,0.23572237791988138,15,mf,3,p4,protein400sgRNA160
559,S20,ppk28,1,1063288,329,242188,0.22808213767107313,15,mf,3,p4,protein400sgRNA160
560,S20,ppk28,2,1066193,2405,175766,0.1671095195710345,15,mf,3,p4,protein400sgRNA160
561,S20,ppk28,3,1076871,41776,125815,0.15562773999856994,15,mf,3,p4,protein400sgRNA160
562,S20,ppk28,4,1080674,183,93814,0.08697997731045626,15,mf,3,p4,protein400sgRNA160
563,S20,ppk28,5,1081375,30,65108,0.06023627326320657,15,mf,3,p4,protein400sgRNA160
564,S20,ppk28,6,1081553,12,64356,0.059514420467605376,15,mf,3,p4,protein400sgRNA160
565,S20,ppk28,7,1081724,2,62707,0.05797134943848893,15,mf,3,p4,protein400sgRNA160
566,S20,ppk28,8,1081776,0,62693,0.05795377231515582,15,mf,3,p4,protein400sgRNA160
567,S20,ppk28,9,1082113,0,50477,0.04664669955910335,15,mf,3,p4,protein400sgRNA160
568,S20,ppk28,10,1082184,0,49665,0.04589330465059546,15,mf,3,p4,protein400sgRNA160
569,S20,ppk28,11,1082221,5,49621,0.04585569860499843,15,mf,3,p4,protein400sgRNA160
570,S20,ppk28,12,1082689,2,44514,0.04111614692677214,15,mf,3,p4,protein400sgRNA160
571,S20,ppk28,13,1082830,1,43097,0.039801261509193504,15,mf,3,p4,protein400sgRNA160
572,S20,ppk28,14,1082982,1,35611,0.03288327968516559,15,mf,3,p4,protein400sgRNA160
573,S20,ppk28,15,1082994,28,35563,0.03286352463633224,15,mf,3,p4,protein400sgRNA160
574,S20,ppk28,16,1083037,6,35540,0.03282067002327713,15,mf,3,p4,protein400sgRNA160
575,S20,ppk28,17,1083060,9,35521,0.03280520008125127,15,mf,3,p4,protein400sgRNA160
576,S20,ppk28,18,1083147,0,30947,0.028571375815101736,15,mf,3,p4,protein400sgRNA160
577,S20,ppk28,19,1083177,0,30871,0.02850042052222305,15,mf,3,p4,protein400sgRNA160
578,S20,ppk28,20,1083179,0,30868,0.028497598273230926,15,mf,3,p4,protein400sgRNA160
579,S20,ppk28,21,1083182,0,30458,0.02811900493176585,15,mf,3,p4,protein400sgRNA160
580,S20,ppk28,22,1083190,1,30453,0.028115104459974706,15,mf,3,p4,protein400sgRNA160
581,S20,ppk28,23,1082984,2,30459,0.028126916002452484,15,mf,3,p4,protein400sgRNA160
582,S20,ppk28,24,1082964,0,30466,0.028132052404327382,15,mf,3,p4,protein400sgRNA160
583,S20,ppk28,25,1082939,0,30453,0.02812069747234147,15,mf,3,p4,protein400sgRNA160
584,S20,ppk28,26,1082926,0,30452,0.0281201116235089,15,mf,3,p4,protein400sgRNA160
585,S20,ppk28,27,1082926,0,30452,0.0281201116235089,15,mf,3,p4,protein400sgRNA160
586,S20,ppk28,28,1082898,0,30464,0.028131920088503258,15,mf,3,p4,protein400sgRNA160
587,S20,ppk28,29,1082891,0,30448,0.02811732667461453,15,mf,3,p4,protein400sgRNA160
692,S21,ppk28,-30,1392260,2,350,0.00025282633990777586,16,mf,3,p5,mRNA800sgRNA40
693,S21,ppk28,-29,1392378,2,356,0.0002571140882720066,16,mf,3,p5,mRNA800sgRNA40
694,S21,ppk28,-28,1392469,0,723,0.0005192216128330325,16,mf,3,p5,mRNA800sgRNA40
695,S21,ppk28,-27,1392537,3,660,0.0004761094319217371,16,mf,3,p5,mRNA800sgRNA40
696,S21,ppk28,-26,1392603,0,660,0.0004739326283226447,16,mf,3,p5,mRNA800sgRNA40
697,S21,ppk28,-25,1392655,3,677,0.0004882759908232836,16,mf,3,p5,mRNA800sgRNA40
698,S21,ppk28,-24,1392749,0,674,0.00048393500910788665,16,mf,3,p5,mRNA800sgRNA40
699,S21,ppk28,-23,1392815,9,689,0.0005011433679275424,16,mf,3,p5,mRNA800sgRNA40
700,S21,ppk28,-22,1392902,3,735,0.0005298290906323633,16,mf,3,p5,mRNA800sgRNA40
701,S21,ppk28,-21,1392973,5,662,0.00047883196587442827,16,mf,3,p5,mRNA800sgRNA40
702,S21,ppk28,-20,1393029,0,785,0.0005635202138648944,16,mf,3,p5,mRNA800sgRNA40
703,S21,ppk28,-19,1393101,0,1091,0.0007831449406755145,16,mf,3,p5,mRNA800sgRNA40
704,S21,ppk28,-18,1393220,3,1097,0.0007895379049970572,16,mf,3,p5,mRNA800sgRNA40
705,S21,ppk28,-17,1393280,0,1102,0.0007909393661001378,16,mf,3,p5,mRNA800sgRNA40
706,S21,ppk28,-16,1393385,4,1107,0.0007973388546596956,16,mf,3,p5,mRNA800sgRNA40
707,S21,ppk28,-15,1393498,7,1243,0.000897023174773125,16,mf,3,p5,mRNA800sgRNA40
708,S21,ppk28,-14,1393688,4,1245,0.0008961833638518807,16,mf,3,p5,mRNA800sgRNA40
709,S21,ppk28,-13,1393748,542,1243,0.0012807193265927557,16,mf,3,p5,mRNA800sgRNA40
710,S21,ppk28,-12,1393837,589,1264,0.0013294237418005118,16,mf,3,p5,mRNA800sgRNA40
711,S21,ppk28,-11,1393892,7,1392,0.0010036645593776276,16,mf,3,p5,mRNA800sgRNA40
712,S21,ppk28,-10,1393997,3,1561,0.0011219536340465583,16,mf,3,p5,mRNA800sgRNA40
713,S21,ppk28,-9,1394100,7,2136,0.0015371924539129187,16,mf,3,p5,mRNA800sgRNA40
714,S21,ppk28,-8,1394253,5,2375,0.0017070072648220948,16,mf,3,p5,mRNA800sgRNA40
715,S21,ppk28,-7,1394376,8,2549,0.001833795188672209,16,mf,3,p5,mRNA800sgRNA40
716,S21,ppk28,-6,1394587,1,2749,0.0019719099633081333,16,mf,3,p5,mRNA800sgRNA40
717,S21,ppk28,-5,1394723,5,2777,0.0019946613055065415,16,mf,3,p5,mRNA800sgRNA40
718,S21,ppk28,-4,1394953,18,4116,0.002963540707106261,16,mf,3,p5,mRNA800sgRNA40
719,S21,ppk28,-3,1395267,118,4155,0.00306249628207361,16,mf,3,p5,mRNA800sgRNA40
720,S21,ppk28,-2,1395603,17,4550,0.0032724205952552408,16,mf,3,p5,mRNA800sgRNA40
721,S21,ppk28,-1,1396355,12,3265,0.0023468244106978524,16,mf,3,p5,mRNA800sgRNA40
722,S21,ppk28,0,1396848,7,2642,0.0018964124944159996,16,mf,3,p5,mRNA800sgRNA40
723,S21,ppk28,1,1397176,2,2664,0.001908134694555303,16,mf,3,p5,mRNA800sgRNA40
724,S21,ppk28,2,1397451,1,1756,0.0012572891643427926,16,mf,3,p5,mRNA800sgRNA40
725,S21,ppk28,3,1397849,2,1675,0.0011997003968239775,16,mf,3,p5,mRNA800sgRNA40
726,S21,ppk28,4,1397994,0,1114,0.000796856066621173,16,mf,3,p5,mRNA800sgRNA40
727,S21,ppk28,5,1398088,0,818,0.0005850847729184429,16,mf,3,p5,mRNA800sgRNA40
728,S21,ppk28,6,1398169,0,691,0.0004942177948445431,16,mf,3,p5,mRNA800sgRNA40
729,S21,ppk28,7,1398185,0,669,0.0004784774547002006,16,mf,3,p5,mRNA800sgRNA40
730,S21,ppk28,8,1398314,1,214,0.00015375659544279754,16,mf,3,p5,mRNA800sgRNA40
731,S21,ppk28,9,1398343,0,3,2.1453963727068395e-06,16,mf,3,p5,mRNA800sgRNA40
732,S21,ppk28,10,1398358,0,6,4.290746718651447e-06,16,mf,3,p5,mRNA800sgRNA40
733,S21,ppk28,11,1398359,0,6,4.29074365023574e-06,16,mf,3,p5,mRNA800sgRNA40
734,S21,ppk28,12,1398368,0,9,6.436074052037804e-06,16,mf,3,p5,mRNA800sgRNA40
735,S21,ppk28,13,1398375,0,17,1.2156967909180299e-05,16,mf,3,p5,mRNA800sgRNA40
736,S21,ppk28,14,1398380,0,1,7.15113202419943e-07,16,mf,3,p5,mRNA800sgRNA40
737,S21,ppk28,15,1398392,0,5,3.57553532914948e-06,16,mf,3,p5,mRNA800sgRNA40
738,S21,ppk28,16,1398402,0,1,7.151019520853088e-07,16,mf,3,p5,mRNA800sgRNA40
739,S21,ppk28,17,1398405,0,1,7.151004179761943e-07,16,mf,3,p5,mRNA800sgRNA40
740,S21,ppk28,18,1398415,0,2,1.4301906086533683e-06,16,mf,3,p5,mRNA800sgRNA40
741,S21,ppk28,19,1398420,0,39,2.7888617153644827e-05,16,mf,3,p5,mRNA800sgRNA40
742,S21,ppk28,20,1398420,0,67,4.791121408446676e-05,16,mf,3,p5,mRNA800sgRNA40
743,S21,ppk28,21,1398423,1,42,3.074892217876851e-05,16,mf,3,p5,mRNA800sgRNA40
744,S21,ppk28,22,1398426,0,161,0.00011512943838286759,16,mf,3,p5,mRNA800sgRNA40
745,S21,ppk28,23,1398119,31,3,2.431838777672001e-05,16,mf,3,p5,mRNA800sgRNA40
746,S21,ppk28,24,1398082,0,26,1.8596906333104927e-05,16,mf,3,p5,mRNA800sgRNA40
747,S21,ppk28,25,1398049,0,1,7.152825115571771e-07,16,mf,3,p5,mRNA800sgRNA40
748,S21,ppk28,26,1398026,0,1,7.152942792194137e-07,16,mf,3,p5,mRNA800sgRNA40
749,S21,ppk28,27,1398026,0,3,2.145882837658241e-06,16,mf,3,p5,mRNA800sgRNA40
750,S21,ppk28,28,1397992,0,41,2.932777869973505e-05,16,mf,3,p5,mRNA800sgRNA40
751,S21,ppk28,29,1397984,0,7,5.00721038295145e-06,16,mf,3,p5,mRNA800sgRNA40
856,S22,ppk28,-30,1337536,5,664,0.0005001734532752763,16,mf,3,p6,mRNA800sgRNA40
857,S22,ppk28,-29,1337667,4,674,0.0005068526023292792,16,mf,3,p6,mRNA800sgRNA40
858,S22,ppk28,-28,1337791,2,711,0.0005329681542184093,16,mf,3,p6,mRNA800sgRNA40
859,S22,ppk28,-27,1337876,1,662,0.0004955616215553609,16,mf,3,p6,mRNA800sgRNA40
860,S22,ppk28,-26,1337965,0,665,0.0004970234647393617,16,mf,3,p6,mRNA800sgRNA40
861,S22,ppk28,-25,1338044,4,677,0.0005089518730325759,16,mf,3,p6,mRNA800sgRNA40
862,S22,ppk28,-24,1338175,0,668,0.0004991873260223812,16,mf,3,p6,mRNA800sgRNA40
863,S22,ppk28,-23,1338265,5,685,0.0005155929505740642,16,mf,3,p6,mRNA800sgRNA40
864,S22,ppk28,-22,1338394,3,719,0.0005394525080058638,16,mf,3,p6,mRNA800sgRNA40
865,S22,ppk28,-21,1338482,9,666,0.0005043026353735052,16,mf,3,p6,mRNA800sgRNA40
866,S22,ppk28,-20,1338569,1,692,0.0005177170545560221,16,mf,3,p6,mRNA800sgRNA40
867,S22,ppk28,-19,1338660,1,668,0.0004997534848281117,16,mf,3,p6,mRNA800sgRNA40
868,S22,ppk28,-18,1338802,4,666,0.0005004474149276741,16,mf,3,p6,mRNA800sgRNA40
869,S22,ppk28,-17,1338883,2,674,0.0005048984862754998,16,mf,3,p6,mRNA800sgRNA40
870,S22,ppk28,-16,1339040,3,671,0.0005033456804875134,16,mf,3,p6,mRNA800sgRNA40
871,S22,ppk28,-15,1339205,4,888,0.0006660668082929797,16,mf,3,p6,mRNA800sgRNA40
872,S22,ppk28,-14,1339491,1,1001,0.0007480453396103445,16,mf,3,p6,mRNA800sgRNA40
873,S22,ppk28,-13,1339587,3,995,0.0007450057368427732,16,mf,3,p6,mRNA800sgRNA40
874,S22,ppk28,-12,1339696,6,1013,0.0007606203198337533,16,mf,3,p6,mRNA800sgRNA40
875,S22,ppk28,-11,1339791,6,1036,0.0007777332434685709,16,mf,3,p6,mRNA800sgRNA40
876,S22,ppk28,-10,1339932,3,1062,0.0007948164533722607,16,mf,3,p6,mRNA800sgRNA40
877,S22,ppk28,-9,1340064,5,1347,0.0010089070372758316,16,mf,3,p6,mRNA800sgRNA40
878,S22,ppk28,-8,1340246,7,1909,0.001429588299461442,16,mf,3,p6,mRNA800sgRNA40
879,S22,ppk28,-7,1340466,11,2061,0.0015457311114194616,16,mf,3,p6,mRNA800sgRNA40
880,S22,ppk28,-6,1340710,5,2259,0.0016886575023681483,16,mf,3,p6,mRNA800sgRNA40
881,S22,ppk28,-5,1340886,16,2317,0.0017398943683504787,16,mf,3,p6,mRNA800sgRNA40
882,S22,ppk28,-4,1341157,225,4943,0.003853389275081143,16,mf,3,p6,mRNA800sgRNA40
883,S22,ppk28,-3,1341585,221,5519,0.004278521301296601,16,mf,3,p6,mRNA800sgRNA40
884,S22,ppk28,-2,1342032,28,5354,0.0040103365642548015,16,mf,3,p6,mRNA800sgRNA40
885,S22,ppk28,-1,1342597,1379,5621,0.005213775987880205,16,mf,3,p6,mRNA800sgRNA40
886,S22,ppk28,0,1343154,5,5570,0.004150678179866195,16,mf,3,p6,mRNA800sgRNA40
887,S22,ppk28,1,1343728,5,5359,0.0039918793089077555,16,mf,3,p6,mRNA800sgRNA40
888,S22,ppk28,2,1344487,75,2854,0.0021785260846702123,16,mf,3,p6,mRNA800sgRNA40
889,S22,ppk28,3,1345217,0,1387,0.0010310604162748463,16,mf,3,p6,mRNA800sgRNA40
890,S22,ppk28,4,1345426,0,617,0.0004585908106428744,16,mf,3,p6,mRNA800sgRNA40
891,S22,ppk28,5,1345547,0,596,0.00044294253563792273,16,mf,3,p6,mRNA800sgRNA40
892,S22,ppk28,6,1345564,0,611,0.0004540846812191765,16,mf,3,p6,mRNA800sgRNA40
893,S22,ppk28,7,1345582,0,596,0.00044293101423770534,16,mf,3,p6,mRNA800sgRNA40
894,S22,ppk28,8,1345597,0,646,0.0004800843045874805,16,mf,3,p6,mRNA800sgRNA40
895,S22,ppk28,9,1345613,0,600,0.000445893432955835,16,mf,3,p6,mRNA800sgRNA40
896,S22,ppk28,10,1345631,0,604,0.00044886005152972844,16,mf,3,p6,mRNA800sgRNA40
897,S22,ppk28,11,1345641,0,606,0.00045034299638610893,16,mf,3,p6,mRNA800sgRNA40
898,S22,ppk28,12,1345670,0,237,0.00017612044557729608,16,mf,3,p6,mRNA800sgRNA40
899,S22,ppk28,13,1345685,0,236,0.00017537536644905753,16,mf,3,p6,mRNA800sgRNA40
900,S22,ppk28,14,1345717,0,220,0.00016348162355086544,16,mf,3,p6,mRNA800sgRNA40
901,S22,ppk28,15,1345725,0,224,0.00016645302717865833,16,mf,3,p6,mRNA800sgRNA40
902,S22,ppk28,16,1345735,0,220,0.00016347943688764876,16,mf,3,p6,mRNA800sgRNA40
903,S22,ppk28,17,1345740,0,220,0.00016347882949158083,16,mf,3,p6,mRNA800sgRNA40
904,S22,ppk28,18,1345749,1,218,0.00016273465557098686,16,mf,3,p6,mRNA800sgRNA40
905,S22,ppk28,19,1345756,2,221,0.00016570611611614586,16,mf,3,p6,mRNA800sgRNA40
906,S22,ppk28,20,1345757,1,220,0.00016421984058043168,16,mf,3,p6,mRNA800sgRNA40
907,S22,ppk28,21,1345759,1,222,0.00016570574671988074,16,mf,3,p6,mRNA800sgRNA40
908,S22,ppk28,22,1345760,1,219,0.00016347639995244323,16,mf,3,p6,mRNA800sgRNA40
909,S22,ppk28,23,1345327,6,220,0.00016798889786646666,16,mf,3,p6,mRNA800sgRNA40
910,S22,ppk28,24,1345290,1,241,0.00017988686454221766,16,mf,3,p6,mRNA800sgRNA40
911,S22,ppk28,25,1345252,0,218,0.0001620514223357408,16,mf,3,p6,mRNA800sgRNA40
912,S22,ppk28,26,1345222,0,218,0.0001620550362691065,16,mf,3,p6,mRNA800sgRNA40
913,S22,ppk28,27,1345222,0,218,0.0001620550362691065,16,mf,3,p6,mRNA800sgRNA40
914,S22,ppk28,28,1345175,0,252,0.0001873362201943985,16,mf,3,p6,mRNA800sgRNA40
915,S22,ppk28,29,1345163,0,227,0.0001687527831199639,16,mf,3,p6,mRNA800sgRNA40
1010,S23,ppk28,-30,1369027,7,5,8.765349405088431e-06,17,mf,3,p7,mRNA800sgRNA160
1011,S23,ppk28,-29,1369138,5,17,1.6068504416647556e-05,17,mf,3,p7,mRNA800sgRNA160
1012,S23,ppk28,-28,1369226,2,61,4.601139621946998e-05,17,mf,3,p7,mRNA800sgRNA160
1013,S23,ppk28,-27,1369289,0,0,0.0,17,mf,3,p7,mRNA800sgRNA160
1014,S23,ppk28,-26,1369355,2,2,2.9210832837357734e-06,17,mf,3,p7,mRNA800sgRNA160
1015,S23,ppk28,-25,1369413,1,21,1.6065277604345804e-05,17,mf,3,p7,mRNA800sgRNA160
1016,S23,ppk28,-24,1369518,1,17,1.3143310274125641e-05,17,mf,3,p7,mRNA800sgRNA160
1017,S23,ppk28,-23,1369602,2,30,2.3364451862657912e-05,17,mf,3,p7,mRNA800sgRNA160
1018,S23,ppk28,-22,1369687,4,87,6.643853668757898e-05,17,mf,3,p7,mRNA800sgRNA160
1019,S23,ppk28,-21,1369757,6,1,5.110395493507242e-06,17,mf,3,p7,mRNA800sgRNA160
1020,S23,ppk28,-20,1369821,1,32,2.4090738862960928e-05,17,mf,3,p7,mRNA800sgRNA160
1021,S23,ppk28,-19,1369898,0,5,3.6499067813808035e-06,17,mf,3,p7,mRNA800sgRNA160
1022,S23,ppk28,-18,1370004,5,7,8.759098513580982e-06,17,mf,3,p7,mRNA800sgRNA160
1023,S23,ppk28,-17,1370054,3,12,1.0948473563815733e-05,17,mf,3,p7,mRNA800sgRNA160
1024,S23,ppk28,-16,1370169,1,11,8.758043715775208e-06,17,mf,3,p7,mRNA800sgRNA160
1025,S23,ppk28,-15,1370262,3,25,2.0434048379069113e-05,17,mf,3,p7,mRNA800sgRNA160
1026,S23,ppk28,-14,1370434,1,20,1.5323612811707824e-05,17,mf,3,p7,mRNA800sgRNA160
1027,S23,ppk28,-13,1370499,4,11,1.0944918602640352e-05,17,mf,3,p7,mRNA800sgRNA160
1028,S23,ppk28,-12,1370558,4,29,2.4077784376874236e-05,17,mf,3,p7,mRNA800sgRNA160
1029,S23,ppk28,-11,1370617,1,19,1.4591968434653882e-05,17,mf,3,p7,mRNA800sgRNA160
1030,S23,ppk28,-10,1370684,1,51,3.7937263439275575e-05,17,mf,3,p7,mRNA800sgRNA160
1031,S23,ppk28,-9,1370788,0,23,1.6778670370618945e-05,17,mf,3,p7,mRNA800sgRNA160
1032,S23,ppk28,-8,1370909,5,34,2.8448277748559533e-05,17,mf,3,p7,mRNA800sgRNA160
1033,S23,ppk28,-7,1371046,7,50,4.157409744093196e-05,17,mf,3,p7,mRNA800sgRNA160
1034,S23,ppk28,-6,1371218,6,49,4.0110325272859605e-05,17,mf,3,p7,mRNA800sgRNA160
1035,S23,ppk28,-5,1371340,3,69,5.2503390843992006e-05,17,mf,3,p7,mRNA800sgRNA160
1036,S23,ppk28,-4,1371522,15,48,4.593437072099463e-05,17,mf,3,p7,mRNA800sgRNA160
1037,S23,ppk28,-3,1371809,4,143,0.00010715777487973909,17,mf,3,p7,mRNA800sgRNA160
1038,S23,ppk28,-2,1372101,9,110,8.672830935915067e-05,17,mf,3,p7,mRNA800sgRNA160
1039,S23,ppk28,-1,1372475,13,40,3.861636823985865e-05,17,mf,3,p7,mRNA800sgRNA160
1040,S23,ppk28,0,1372810,3,59,4.516284117976996e-05,17,mf,3,p7,mRNA800sgRNA160
1041,S23,ppk28,1,1373059,0,101,7.355838314304046e-05,17,mf,3,p7,mRNA800sgRNA160
1042,S23,ppk28,2,1373298,1,24,1.8204351859538132e-05,17,mf,3,p7,mRNA800sgRNA160
1043,S23,ppk28,3,1373624,1,11,8.736015095834085e-06,17,mf,3,p7,mRNA800sgRNA160
1044,S23,ppk28,4,1373733,0,13,9.463265423484768e-06,17,mf,3,p7,mRNA800sgRNA160
1045,S23,ppk28,5,1373799,0,4,2.911634089120752e-06,17,mf,3,p7,mRNA800sgRNA160
1046,S23,ppk28,6,1373812,0,24,1.746963922283398e-05,17,mf,3,p7,mRNA800sgRNA160
1047,S23,ppk28,7,1373825,1,4,3.6394737320983385e-06,17,mf,3,p7,mRNA800sgRNA160
1048,S23,ppk28,8,1373827,0,47,3.421100327770527e-05,17,mf,3,p7,mRNA800sgRNA160
1049,S23,ppk28,9,1373833,0,7,5.0952335545877844e-06,17,mf,3,p7,mRNA800sgRNA160
1050,S23,ppk28,10,1373843,0,17,1.2374048563045414e-05,17,mf,3,p7,mRNA800sgRNA160
1051,S23,ppk28,11,1373850,0,16,1.1646104014266477e-05,17,mf,3,p7,mRNA800sgRNA160
1052,S23,ppk28,12,1373863,0,18,1.3101743041336727e-05,17,mf,3,p7,mRNA800sgRNA160
1053,S23,ppk28,13,1373864,0,18,1.3101733504917518e-05,17,mf,3,p7,mRNA800sgRNA160
1054,S23,ppk28,14,1373868,0,2,1.4557439288199448e-06,17,mf,3,p7,mRNA800sgRNA160
1055,S23,ppk28,15,1373874,0,4,2.9114751425531017e-06,17,mf,3,p7,mRNA800sgRNA160
1056,S23,ppk28,16,1373879,0,2,1.4557322733661408e-06,17,mf,3,p7,mRNA800sgRNA160
1057,S23,ppk28,17,1373881,0,3,2.1835952313191606e-06,17,mf,3,p7,mRNA800sgRNA160
1058,S23,ppk28,18,1373885,0,5,3.6393147898113743e-06,17,mf,3,p7,mRNA800sgRNA160
1059,S23,ppk28,19,1373890,0,6,4.367161854296923e-06,17,mf,3,p7,mRNA800sgRNA160
1060,S23,ppk28,20,1373888,0,3,2.183584105836866e-06,17,mf,3,p7,mRNA800sgRNA160
1061,S23,ppk28,21,1373889,0,7,5.0950258718135166e-06,17,mf,3,p7,mRNA800sgRNA160
1062,S23,ppk28,22,1373889,0,1,7.278608388305023e-07,17,mf,3,p7,mRNA800sgRNA160
1063,S23,ppk28,23,1373451,5,2,5.096650699588118e-06,17,mf,3,p7,mRNA800sgRNA160
1064,S23,ppk28,24,1373407,0,25,1.8202907077071837e-05,17,mf,3,p7,mRNA800sgRNA160
1065,S23,ppk28,25,1373362,0,0,0.0,17,mf,3,p7,mRNA800sgRNA160
1066,S23,ppk28,26,1373340,0,0,0.0,17,mf,3,p7,mRNA800sgRNA160
1067,S23,ppk28,27,1373339,0,0,0.0,17,mf,3,p7,mRNA800sgRNA160
1068,S23,ppk28,28,1373305,0,27,1.9660599793927786e-05,17,mf,3,p7,mRNA800sgRNA160
1069,S23,ppk28,29,1373292,0,6,4.3690635349219245e-06,17,mf,3,p7,mRNA800sgRNA160
1167,S24,ppk28,-30,1501297,9,10,1.2655723684254348e-05,17,mf,3,p8,mRNA800sgRNA160
1168,S24,ppk28,-29,1501466,9,21,1.9980472418289856e-05,17,mf,3,p8,mRNA800sgRNA160
1169,S24,ppk28,-28,1501603,3,82,5.660617353588132e-05,17,mf,3,p8,mRNA800sgRNA160
1170,S24,ppk28,-27,1501706,2,8,6.6590930581618506e-06,17,mf,3,p8,mRNA800sgRNA160
1171,S24,ppk28,-26,1501815,2,7,5.99274877398348e-06,17,mf,3,p8,mRNA800sgRNA160
1172,S24,ppk28,-25,1501892,2,25,1.7977324601236306e-05,17,mf,3,p8,mRNA800sgRNA160
1173,S24,ppk28,-24,1502072,3,17,1.3314940961551776e-05,17,mf,3,p8,mRNA800sgRNA160
1174,S24,ppk28,-23,1502171,4,30,2.2633907857361114e-05,17,mf,3,p8,mRNA800sgRNA160
1175,S24,ppk28,-22,1502330,2,81,5.5247515525883126e-05,17,mf,3,p8,mRNA800sgRNA160
1176,S24,ppk28,-21,1502433,7,8,9.983806266236164e-06,17,mf,3,p8,mRNA800sgRNA160
1177,S24,ppk28,-20,1502503,0,60,3.993336452572807e-05,17,mf,3,p8,mRNA800sgRNA160
1178,S24,ppk28,-19,1502601,2,17,1.2644740686316594e-05,17,mf,3,p8,mRNA800sgRNA160
1179,S24,ppk28,-18,1502722,3,17,1.330918160511392e-05,17,mf,3,p8,mRNA800sgRNA160
1180,S24,ppk28,-17,1502814,2,22,1.5970040204576215e-05,17,mf,3,p8,mRNA800sgRNA160
1181,S24,ppk28,-16,1502965,2,21,1.530308423682521e-05,17,mf,3,p8,mRNA800sgRNA160
1182,S24,ppk28,-15,1503120,4,29,2.195433498323487e-05,17,mf,3,p8,mRNA800sgRNA160
1183,S24,ppk28,-14,1503442,1,20,1.3967948214829704e-05,17,mf,3,p8,mRNA800sgRNA160
1184,S24,ppk28,-13,1503592,6,16,1.4631628792917227e-05,17,mf,3,p8,mRNA800sgRNA160
1185,S24,ppk28,-12,1503730,2,41,2.8595559043179296e-05,17,mf,3,p8,mRNA800sgRNA160
1186,S24,ppk28,-11,1503842,4,33,2.4603648521586708e-05,17,mf,3,p8,mRNA800sgRNA160
1187,S24,ppk28,-10,1504029,3,86,5.917439091932403e-05,17,mf,3,p8,mRNA800sgRNA160
1188,S24,ppk28,-9,1504192,2,45,3.124601114751308e-05,17,mf,3,p8,mRNA800sgRNA160
1189,S24,ppk28,-8,1504422,12,232,0.00016218853486588204,17,mf,3,p8,mRNA800sgRNA160
1190,S24,ppk28,-7,1504692,3,254,0.00017079907383039188,17,mf,3,p8,mRNA800sgRNA160
1191,S24,ppk28,-6,1504981,12,727,0.000491036099459063,17,mf,3,p8,mRNA800sgRNA160
1192,S24,ppk28,-5,1505189,7,742,0.0004976119278044152,17,mf,3,p8,mRNA800sgRNA160
1193,S24,ppk28,-4,1505509,36,733,0.0005107907026792932,17,mf,3,p8,mRNA800sgRNA160
1194,S24,ppk28,-3,1505957,12,1070,0.0007184800097213931,17,mf,3,p8,mRNA800sgRNA160
1195,S24,ppk28,-2,1506514,14,1025,0.0006896716525701056,17,mf,3,p8,mRNA800sgRNA160
1196,S24,ppk28,-1,1507127,19,1304,0.0008778291411407267,17,mf,3,p8,mRNA800sgRNA160
1197,S24,ppk28,0,1507737,5,1067,0.0007109993321116349,17,mf,3,p8,mRNA800sgRNA160
1198,S24,ppk28,1,1508235,0,1090,0.0007226990488882701,17,mf,3,p8,mRNA800sgRNA160
1199,S24,ppk28,2,1508805,0,989,0.000655485632669563,17,mf,3,p8,mRNA800sgRNA160
1200,S24,ppk28,3,1509603,2,799,0.0005306030790876807,17,mf,3,p8,mRNA800sgRNA160
1201,S24,ppk28,4,1509824,0,500,0.0003311644271120343,17,mf,3,p8,mRNA800sgRNA160
1202,S24,ppk28,5,1509966,0,9,5.960399108324294e-06,17,mf,3,p8,mRNA800sgRNA160
1203,S24,ppk28,6,1509988,0,23,1.5231909127754658e-05,17,mf,3,p8,mRNA800sgRNA160
1204,S24,ppk28,7,1510018,1,4,3.311218806663232e-06,17,mf,3,p8,mRNA800sgRNA160
1205,S24,ppk28,8,1510026,0,75,4.966801896126292e-05,17,mf,3,p8,mRNA800sgRNA160
1206,S24,ppk28,9,1510037,0,4,2.6489417146732168e-06,17,mf,3,p8,mRNA800sgRNA160
1207,S24,ppk28,10,1510054,0,16,1.0595647572868255e-05,17,mf,3,p8,mRNA800sgRNA160
1208,S24,ppk28,11,1510057,0,17,1.1257853180376634e-05,17,mf,3,p8,mRNA800sgRNA160
1209,S24,ppk28,12,1510083,0,19,1.258208985863691e-05,17,mf,3,p8,mRNA800sgRNA160
1210,S24,ppk28,13,1510092,0,24,1.5893071415516406e-05,17,mf,3,p8,mRNA800sgRNA160
1211,S24,ppk28,14,1510095,0,0,0.0,17,mf,3,p8,mRNA800sgRNA160
1212,S24,ppk28,15,1510102,0,3,1.9866207713121365e-06,17,mf,3,p8,mRNA800sgRNA160
1213,S24,ppk28,16,1510105,1,0,6.62205608219296e-07,17,mf,3,p8,mRNA800sgRNA160
1214,S24,ppk28,17,1510110,1,1,1.3244068312904358e-06,17,mf,3,p8,mRNA800sgRNA160
1215,S24,ppk28,18,1510119,0,4,2.648797876193863e-06,17,mf,3,p8,mRNA800sgRNA160
1216,S24,ppk28,19,1510128,0,7,4.635368657491286e-06,17,mf,3,p8,mRNA800sgRNA160
1217,S24,ppk28,20,1510125,0,5,3.3109841900504927e-06,17,mf,3,p8,mRNA800sgRNA160
1218,S24,ppk28,21,1510126,0,12,7.94635679406884e-06,17,mf,3,p8,mRNA800sgRNA160
1219,S24,ppk28,22,1510131,0,1,6.621942069926384e-07,17,mf,3,p8,mRNA800sgRNA160
1220,S24,ppk28,23,1509409,1,4,3.312554781374697e-06,17,mf,3,p8,mRNA800sgRNA160
1221,S24,ppk28,24,1509338,0,21,1.3913384543422348e-05,17,mf,3,p8,mRNA800sgRNA160
1222,S24,ppk28,25,1509269,0,0,0.0,17,mf,3,p8,mRNA800sgRNA160
1223,S24,ppk28,26,1509241,0,0,0.0,17,mf,3,p8,mRNA800sgRNA160
1224,S24,ppk28,27,1509238,0,3,1.987758060690229e-06,17,mf,3,p8,mRNA800sgRNA160
1225,S24,ppk28,28,1509156,1,29,1.9878660655359685e-05,17,mf,3,p8,mRNA800sgRNA160
1226,S24,ppk28,29,1509141,0,18,1.192731494273895e-05,17,mf,3,p8,mRNA800sgRNA160
